id,title,description,category,priority,is_fake,is_duplicate,is_anomaly
1,Unfair grading in mid-semester exam,My mid-semester exam paper was graded incorrectly. I scored full marks in three questions but was given partial credit without any explanation. I requested a re-evaluation but the professor ignored my request for two weeks.,ACADEMIC,HIGH,false,false,false
2,Teacher absent for entire month,Our Data Structures professor has been absent for the entire month of October. No substitute has been arranged and the syllabus is falling behind severely affecting our exam preparation.,ACADEMIC,HIGH,false,false,false
3,Practical marks not updated,My practical examination marks from last semester have still not been updated on the university portal even after three months. This is affecting my CGPA calculation and scholarship eligibility.,ACADEMIC,MEDIUM,false,false,false
4,Biased internal assessment,The internal assessment marks for my section appear to be biased. Students who attend extra coaching with the same professor are consistently scoring higher than those who do not.,ACADEMIC,HIGH,false,false,false
5,Syllabus not completed before exams,The professor teaching Operating Systems did not complete the syllabus before the end-semester examination. More than four units were left uncovered leaving students underprepared.,ACADEMIC,MEDIUM,false,false,false
6,Wrong question paper distributed,During the scheduled examination for Software Engineering the wrong question paper was distributed to our hall. The examination had to be cancelled causing unnecessary stress to all students.,ACADEMIC,CRITICAL,false,false,true
7,Attendance shortage due to professor error,My attendance has been marked short due to an administrative error by the professor. I have all class notes and timestamps proving I was present but the correction request has been denied.,ACADEMIC,MEDIUM,false,false,false
8,Project guide not available,My final year project guide has not responded to emails or meeting requests for over six weeks. This is significantly delaying my project progress and my submission deadline is approaching.,ACADEMIC,HIGH,false,false,false
9,Re-evaluation result not communicated,I applied for re-evaluation of my third-semester end-term examination three months ago. I have not received any result or acknowledgment and the university office gives no timeline.,ACADEMIC,MEDIUM,false,false,false
10,Discriminatory grading based on attendance,Students who missed classes due to medical emergencies are being penalized in internal marks disproportionately compared to students with similar attendance for other reasons.,ACADEMIC,HIGH,false,false,false
11,Broken projector in classroom,The projector in Room 204 has been non-functional for the past three weeks. Multiple complaints have been filed with the maintenance department but no repair has been done.,INFRASTRUCTURE,LOW,false,false,false
12,No drinking water on third floor,The water cooler on the third floor of the main academic block has been broken for two months. Students have to walk to the ground floor for water disrupting classes.,INFRASTRUCTURE,MEDIUM,false,false,false
13,Waterlogging in laboratory corridor,The corridor outside the chemistry laboratory floods every time it rains due to a blocked drain. This creates a safety hazard and has caused two students to slip and injure themselves.,INFRASTRUCTURE,HIGH,false,false,false
14,Electrical short circuit in classroom,There was a short circuit in classroom 301 last week that caused sparks near the seating area. Students were evacuated but the room has been in use again without any electrical inspection.,INFRASTRUCTURE,CRITICAL,false,false,true
15,Wi-Fi not working in hostel block C,The Wi-Fi in hostel Block C has been non-functional for ten days. This affects online classes assignment submissions and self-study for over two hundred residents.,INFRASTRUCTURE,HIGH,false,false,false
16,Library roof leaking during monsoon,The library roof has been leaking since the beginning of the monsoon season. Books and computers near the windows have been damaged and no repair work has been initiated.,INFRASTRUCTURE,MEDIUM,false,false,false
17,Broken benches in seminar hall,Most of the benches in the seminar hall are broken or unstable. During a recent guest lecture two students fell when a bench collapsed causing minor injuries.,INFRASTRUCTURE,HIGH,false,false,false
18,No power backup in examination hall,During the end-semester examination the power went out and there was no backup generator available. Students had to sit in the dark for forty-five minutes affecting the entire batch.,INFRASTRUCTURE,CRITICAL,false,false,true
19,Lift not working in academic block,The elevator in the academic block has been out of service for three weeks. Students with physical disabilities and those carrying heavy laboratory equipment are severely inconvenienced.,INFRASTRUCTURE,MEDIUM,false,false,false
20,Computer lab PCs not maintained,More than half the computers in Computer Lab 2 are either not booting or have outdated software. Students scheduled for practical examinations have raised this issue multiple times with no resolution.,INFRASTRUCTURE,HIGH,false,false,false
21,Senior students ragging freshers,Several senior students have been verbally harassing and intimidating first-year students in the hostel common room after 10 PM. Three freshers reported being forced to perform demeaning tasks.,HARASSMENT,CRITICAL,false,false,false
22,Professor making inappropriate comments,A faculty member has been making personal remarks about students' appearances and family backgrounds during lectures. Multiple students in the class have been uncomfortable but fear retaliation.,HARASSMENT,CRITICAL,false,false,false
23,Gender-based discrimination in lab groups,The laboratory instructor assigns group work by gender consistently placing female students in less important roles. When students objected they were told to comply or face attendance deductions.,HARASSMENT,HIGH,false,false,false
24,Cyberbullying in class WhatsApp group,A group of students has been sharing edited photographs and derogatory messages targeting a female student in the class WhatsApp group. The posts have been screenshotted and are available as evidence.,HARASSMENT,CRITICAL,false,false,false
25,Caste-based discrimination in hostel,A student from a scheduled caste background has been denied entry to shared hostel spaces by other students and has received caste-based slurs. The hostel warden has not taken any action.,HARASSMENT,CRITICAL,false,false,false
26,Faculty threatening marks for personal reasons,A professor threatened to deduct internal marks from a student who reported the professor's delayed syllabus completion. The threat was made in front of the class and witnessed by multiple students.,HARASSMENT,CRITICAL,false,false,false
27,Student being excluded from group projects,A student with a physical disability is being systematically excluded from group projects and study groups. When raised with the class coordinator the issue was dismissed as a personal matter.,HARASSMENT,HIGH,false,false,false
28,Religious discrimination in assignment evaluation,A student belonging to a minority religious group has noticed a consistent pattern of lower evaluation scores compared to peers submitting work of equal quality. The pattern spans three semesters.,HARASSMENT,HIGH,false,false,false
29,Threatening behaviour near campus gate,A group of outsiders has been gathering near the campus gate and verbally harassing female students when they leave in the evening. Security guards are aware but have not intervened effectively.,HARASSMENT,CRITICAL,false,false,false
30,Student threatened for filing complaint,After filing a complaint against a senior student the complainant received threatening messages on Instagram warning them to withdraw the complaint or face consequences.,HARASSMENT,CRITICAL,false,false,false
31,Scholarship amount not credited,My merit scholarship for the academic year was approved in August but the amount has not been credited to my bank account. I have followed up with the accounts office five times with no resolution.,FINANCIAL,HIGH,false,false,false
32,Duplicate fee charged for re-admission,I was charged the full admission fee again when continuing in the second year despite having already paid it. The accounts office acknowledged the error but has not refunded the excess amount.,FINANCIAL,HIGH,false,false,false
33,Examination fee deducted twice,My bank account was debited twice for the examination fee. The bank has confirmed the double transaction but the university accounts office has not processed the refund for four months.,FINANCIAL,HIGH,false,false,false
34,Fee receipt not issued,After paying the tuition fee for this semester I was not provided a fee receipt. When I asked for one the accounts office said the system was down and never followed up.,FINANCIAL,MEDIUM,false,false,false
35,Government fee waiver not applied,I am eligible for a state government fee waiver under the OBC category. All documents were submitted at the time of admission but the waiver has not been applied and I have been charged full fees.,FINANCIAL,HIGH,false,false,false
36,Library fine charged incorrectly,A library fine of Rs 800 was charged to my student account for books I returned on time. I have the return receipt but the library system shows the books as overdue.,FINANCIAL,LOW,false,false,false
37,Hostel fee increase without notice,The hostel fee was increased by 30% at the start of this semester with no prior notice or communication. Students were informed only when they came to pay and were given no explanation.,FINANCIAL,HIGH,false,false,false
38,Transport fee charged for non-users,Students who do not use the college bus facility are being charged a transport fee at the time of admission. Multiple requests to remove this charge have been ignored.,FINANCIAL,MEDIUM,false,false,false
39,Refund not processed after withdrawal,A student who withdrew from the course within the refund period has not received their tuition refund after five months. The accounts office provides conflicting information on each visit.,FINANCIAL,HIGH,false,false,false
40,Caution deposit not returned after graduation,My caution deposit paid at the time of admission has not been returned six months after graduation. The administration office keeps asking for additional documents that were already submitted.,FINANCIAL,MEDIUM,false,false,false
41,Degree certificate not issued after one year,I completed my graduation examination over a year ago. My degree certificate has still not been issued despite multiple follow-ups. I have been unable to apply for jobs or higher studies because of this.,ADMINISTRATIVE,HIGH,false,false,false
42,Migration certificate delayed,I applied for a migration certificate two months ago to pursue higher studies at another university. The application has been acknowledged but the certificate has not been issued.,ADMINISTRATIVE,HIGH,false,false,false
43,Incorrect name on marksheet,My name is spelled incorrectly on my second-semester marksheet. The correction request was submitted six months ago with all supporting documents but the corrected marksheet has not been issued.,ADMINISTRATIVE,MEDIUM,false,false,false
44,Enrollment number not generated,My enrollment number was not generated at the start of the academic year despite completing all admission formalities. This has prevented me from registering for examinations.,ADMINISTRATIVE,CRITICAL,false,false,true
45,College leaving certificate not provided,I am relocating and need a college leaving certificate to seek admission elsewhere. Despite multiple applications the administration office has not issued this document for three months.,ADMINISTRATIVE,HIGH,false,false,false
46,Identity card not issued to new student,I have been studying at this institution for four months and my student identity card has still not been issued. This is required for library access laboratory entry and examination hall entry.,ADMINISTRATIVE,MEDIUM,false,false,false
47,Timetable not communicated on time,The examination timetable for the upcoming end-semester exams was communicated only three days before the first paper. Students had inadequate time to prepare especially for practical examinations.,ADMINISTRATIVE,HIGH,false,false,false
48,Wrong course registered,The administration office registered me for the wrong elective course. When I raised this the office said the correction would incur a penalty fee which I should not be required to pay.,ADMINISTRATIVE,MEDIUM,false,false,false
49,Transfer certificate withheld,My transfer certificate is being withheld by the administration office because of a pending dues notice that I have already cleared. I have the payment receipt but the certificate is still not being issued.,ADMINISTRATIVE,HIGH,false,false,false
50,No response to RTI application,I filed an RTI application regarding my examination result discrepancy over three months ago. Neither an acknowledgment nor a response has been provided within the legally mandated thirty-day period.,ADMINISTRATIVE,HIGH,false,false,false
51,Hostel room allocated far from amenities,I was allocated a room in the farthest block of the hostel despite having a medical condition that requires regular access to the medical room. My request for a room change has been ignored for two months.,HOSTEL,MEDIUM,false,false,false
52,Unhygienic food served in hostel mess,The food served in the hostel mess is frequently undercooked and stored improperly. Several students have reported stomach infections in the past two weeks that are likely linked to the food quality.,HOSTEL,HIGH,false,false,false
53,Warden behaving inappropriately with students,The hostel warden has been making derogatory remarks to students about their study habits and lifestyle. The warden has also entered rooms without notice or permission on multiple occasions.,HOSTEL,HIGH,false,false,false
54,No hot water supply in hostel,The hostel has had no hot water supply for three weeks. This is a major concern particularly for students with health conditions and during the winter months when cold water is dangerous.,HOSTEL,MEDIUM,false,false,false
55,Rats and insects in hostel kitchen,The hostel kitchen area has a severe rat and cockroach infestation. Students who eat in the mess have raised this issue but the administration has not arranged for pest control.,HOSTEL,HIGH,false,false,false
56,Hostel curfew unreasonably strict,The hostel curfew of 7 PM is unreasonably strict and does not account for students with evening lab sessions library hours or college events that regularly run beyond that time.,HOSTEL,LOW,false,false,false
57,Hostel room not cleaned for months,The common bathrooms and corridors in Block D have not been cleaned properly for over two months. The cleaning staff is present but does minimal work and there is no supervisor checking quality.,HOSTEL,MEDIUM,false,false,false
58,Broken locks on hostel rooms,The locks on three rooms in Block B are broken and cannot be secured properly. Students in these rooms have raised safety concerns but maintenance has not addressed the issue after three weeks.,HOSTEL,HIGH,false,false,false
59,No study room in hostel,The hostel has no dedicated study room or quiet area. Students are expected to study only in their rooms which are often noisy due to shared accommodation with no noise regulations enforced.,HOSTEL,LOW,false,false,false
60,Hostel allocation not as promised,During admission I was assured of a single occupancy room due to a medical condition but was placed in a four-person room. The hostel warden says no single rooms are available despite the prospectus stating otherwise.,HOSTEL,MEDIUM,false,false,false
61,College bus consistently late,The college bus serving the eastern route has been arriving 30 to 45 minutes late every day for the past month. This causes students to miss the first period regularly.,TRANSPORTATION,MEDIUM,false,false,false
62,Bus driver behaving rashly,The driver of Bus Route 4 drives at unsafe speeds on the highway and frequently uses a mobile phone while driving. Several students have raised this with the transport office but no action has been taken.,TRANSPORTATION,CRITICAL,false,false,false
63,Route changed without notice,The college bus route was changed without any prior notification to students. Several students missed the bus for three consecutive days before the change was officially communicated.,TRANSPORTATION,MEDIUM,false,false,false
64,Overcrowding in college bus,The college bus on Route 7 carries nearly double its seating capacity every morning. Students are standing in the aisle which is both unsafe and extremely uncomfortable for a 45-minute journey.,TRANSPORTATION,HIGH,false,false,false
65,Transport fee collected but no bus facility,Students living in the northern zone were charged a transport fee but no bus service has been provided for that area. Three months of follow-up with the transport office has yielded no result.,TRANSPORTATION,HIGH,false,false,false
66,Bus not available for late evening classes,Students who have laboratory or elective sessions that end after 7 PM have no college bus facility to return home. This particularly affects female students who are then forced to arrange expensive private transport.,TRANSPORTATION,HIGH,false,false,false
67,Bus break-down with no replacement,The college bus broke down mid-route last Tuesday leaving forty students stranded on the highway for two hours. The transport office did not send a replacement vehicle and was unresponsive to calls.,TRANSPORTATION,HIGH,false,false,false
68,AC not working in college bus,The air conditioning in Bus Route 2 has not been working for over a month. During peak summer temperatures the bus interior reaches dangerous heat levels particularly for morning pick-ups.,TRANSPORTATION,MEDIUM,false,false,false
69,No bus for industrial visit,The college arranged an industrial visit but did not provide transportation. Students were told to arrange their own transport at the last minute causing significant inconvenience and additional expense.,TRANSPORTATION,MEDIUM,false,false,false
70,Bus pass not issued despite payment,I paid the bus fee in June but my bus pass has still not been issued. The transport office says the passes are in process but cannot give a timeline and I have been paying auto fare every day.,TRANSPORTATION,MEDIUM,false,false,false
71,Required book not available in library,The textbook recommended for the Database Management Systems course has been unavailable in the library for the entire semester. Only one copy exists for a class of one hundred and twenty students.,LIBRARY,MEDIUM,false,false,false
72,Library fine imposed for returned books,I was charged a fine for three books that I returned within the borrowing period. I have the receipt showing the return date but the library system shows them as overdue and the librarian refuses to correct it.,LIBRARY,MEDIUM,false,false,true
73,Library timings too restrictive,The library closes at 5 PM on weekdays and remains closed on weekends. Students who have classes or laboratory sessions during library hours cannot access books and reference material.,LIBRARY,LOW,false,false,false
74,Online library access not working,My login credentials for the online library portal and NPTEL access have not worked since the start of the semester. Multiple emails to the library and IT desk have gone unanswered.,LIBRARY,MEDIUM,false,false,false
75,Damaged books not replaced,Multiple textbooks in the library reference section are damaged with torn pages water stains and missing chapters. These have been reported to the librarian but have not been replaced or repaired.,LIBRARY,LOW,false,false,false
76,Library staff behaving rudely,The library staff routinely behave in a dismissive and rude manner toward students asking for assistance. A student was spoken to harshly in front of others for requesting a book that was not on the shelf.,LIBRARY,LOW,false,false,false
77,No silence maintained in library,The library has become a socializing space with no silence rules being enforced. Staff members themselves engage in loud conversations making it impossible to study during examination preparation periods.,LIBRARY,LOW,false,false,false
78,Reference books restricted to inside use only,Several key reference books required for final-year projects cannot be borrowed and must be used inside the library. Since the library closes early most students cannot access these books adequately.,LIBRARY,MEDIUM,false,false,false
79,Journal subscriptions expired,The library's subscriptions to several research journals including IEEE and Elsevier appear to have expired. Students attempting to access papers for their dissertations are being denied access.,LIBRARY,HIGH,false,false,false
80,No printing facility near library,The library has no printing or photocopying facility. Students who need to print reference materials must walk to a shop outside the campus which is not always accessible during college hours.,LIBRARY,LOW,false,false,false
81,Laboratory equipment not calibrated,The measuring instruments in the Physics laboratory have not been calibrated this academic year. Experiment results are therefore inaccurate and students are recording wrong observations which affects marks.,LABORATORY,HIGH,false,false,false
82,Chemicals stored improperly,Several chemicals in the Chemistry laboratory are stored without proper labels or safety data sheets. The chemicals are within reach of students and no safety training has been provided this semester.,LABORATORY,CRITICAL,false,false,true
83,No safety equipment in lab,Students working in the electronics laboratory are not provided with safety gloves or goggles. When requested the lab assistant said the equipment was not available and students should bring their own.,LABORATORY,HIGH,false,false,false
84,Lab attendance not recorded correctly,My laboratory attendance for the third semester is incorrectly recorded. I am shown as absent for sessions I attended and this has led to a shortage that will result in my being barred from the practical examination.,LABORATORY,HIGH,false,false,false
85,Outdated lab software,The software installed in the Computer Science laboratory is ten years old and does not support the programs required by the current syllabus. Students are unable to complete assigned practical tasks.,LABORATORY,HIGH,false,false,false
86,Laboratory sessions cancelled frequently,The laboratory sessions for the Electronics and Communication course have been cancelled six times this semester without rescheduling. This means students have completed less than half the required practical hours.,LABORATORY,HIGH,false,false,false
87,No first aid kit in laboratory,None of the science laboratories have a first-aid kit. When a student was injured by broken glassware last week there was no immediate medical aid available on the floor.,LABORATORY,CRITICAL,false,false,true
88,Unfair lab marks allocation,The laboratory marks for my section appear to be allocated based on personal familiarity with the lab instructor rather than on the quality of work. Students who spend time with the instructor outside class consistently score higher.,LABORATORY,HIGH,false,false,false
89,Lab manual not provided,The laboratory manual for the Microprocessors course was not distributed at the start of the semester. Students have had to conduct experiments without written instructions leading to inconsistent results.,LABORATORY,MEDIUM,false,false,false
90,Broken oscilloscopes in electronics lab,Seven out of twelve oscilloscopes in the Electronics laboratory are not functioning. Students have to share one working instrument among four people making it impossible to complete experiments in the allocated time.,LABORATORY,HIGH,false,false,false
91,No career guidance cell,The college has no functional career guidance or placement cell. Students in final year have no support for resume preparation interview training or connecting with recruiters.,OTHER,MEDIUM,false,false,false
92,Sports equipment not available,The sports room has not been stocked with equipment for over a year. Students who wish to participate in physical activities or prepare for inter-college tournaments have no facility to practice.,OTHER,LOW,false,false,false
93,Mental health support not available,There is no counsellor or mental health professional available on campus. Several students going through academic and personal difficulties have no one to turn to within the institution.,OTHER,HIGH,false,false,false
94,Anti-ragging committee not active,The anti-ragging committee has no visible presence on campus. The complaint box in the hostel has not been opened or checked in months and students are unaware of how to report incidents.,OTHER,HIGH,false,false,false
95,No grievance redressal mechanism visible,Students are not informed about the grievance redressal process at the time of admission. There are no posters notices or orientations explaining how to raise complaints.,OTHER,MEDIUM,false,false,false
96,Canteen food quality very poor,The canteen food is consistently undercooked stale and overpriced. Students who rely on the canteen for meals are left with poor nutritional options and no alternative on campus.,OTHER,MEDIUM,false,false,false
97,No disabled-friendly infrastructure,The campus has no ramps wheelchair access or disabled-friendly washrooms. A student using a wheelchair is unable to access several academic buildings and the library independently.,OTHER,HIGH,false,false,false
98,Delay in issuing hall tickets,Hall tickets for the end-semester examination were issued only one day before the first exam. Students were unable to verify information and correct errors in time causing exam-day confusion.,OTHER,HIGH,false,false,false
99,No notice board updates,The notice board outside the administrative office has not been updated in four months. Students miss important circulars and deadlines because information is only posted physically without any digital backup.,OTHER,LOW,false,false,false
100,Parking area insufficient,The college parking area is grossly insufficient for the number of students and staff. Students park on the road outside causing traffic disruption and there have been two vehicle theft incidents.,OTHER,MEDIUM,false,false,false
101,Professor not teaching properly,The professor just reads from slides without any explanation. Students are unable to understand the concepts.,ACADEMIC,MEDIUM,false,false,false
102,Internal marks not displayed,Our internal assessment marks have not been displayed on the notice board or portal as required by university rules.,ACADEMIC,MEDIUM,false,false,false
103,Guest lecturer did not attend,The guest lecturer scheduled for the seminar did not show up. No replacement or rescheduling has been communicated.,ACADEMIC,LOW,false,false,false
104,Plagiarism accusation without proof,A student was accused of plagiarism in their dissertation without being shown any specific evidence. The accusation has affected their grade and no formal hearing was held.,ACADEMIC,HIGH,false,false,false
105,Exam paper leaked before exam,There are credible reports that the question paper for the upcoming unit test was shared with certain students in advance by a faculty member.,ACADEMIC,CRITICAL,false,false,true
106,No feedback on assignments,Assignments submitted in the first month of the semester have still not been returned or graded. Students have no idea where they stand on internal assessment.,ACADEMIC,MEDIUM,false,false,false
107,Wrong marks entered in university portal,My end-semester examination marks were entered incorrectly in the university portal. The correct answer scripts are available but the portal still shows wrong marks.,ACADEMIC,HIGH,false,false,false
108,Elective course cancelled last minute,The elective course I had registered for was cancelled two weeks after the semester started with no alternative offered. I was automatically assigned a course I had not chosen.,ACADEMIC,HIGH,false,false,false
109,Lab record not checked for months,Laboratory records submitted three months ago have not been checked or returned. Students cannot prepare for practicals without feedback on previous work.,ACADEMIC,LOW,false,false,false
110,Insufficient lecture hours per week,The prescribed lecture hours per week for the core engineering subject are not being followed. Only two hours per week are being conducted against the required four.,ACADEMIC,HIGH,false,false,false
111,Broken tiles creating tripping hazard,The floor tiles near the entrance of Block B are broken and create a tripping hazard. Two students have already fallen. The maintenance department was informed two weeks ago with no action taken.,INFRASTRUCTURE,MEDIUM,false,false,false
112,No emergency exits marked,The academic building has no clearly marked emergency exits and no fire evacuation plan displayed. This is a serious safety violation that has been unaddressed for the entire academic year.,INFRASTRUCTURE,CRITICAL,false,false,true
113,Canteen ceiling leaking,The canteen ceiling has been leaking during rains and water drips onto the food serving area. This is a hygiene and safety concern that has been raised multiple times.,INFRASTRUCTURE,HIGH,false,false,false
114,Generator not working during load shedding,During scheduled load shedding the college generator does not activate for the laboratory block. Students are left in the dark during practicals that involve sensitive equipment.,INFRASTRUCTURE,HIGH,false,false,false
115,Poor ventilation in classrooms,The classrooms in the old academic block have no windows that open and the fans are insufficient. During summer months the temperature becomes unbearable and affects concentration.,INFRASTRUCTURE,MEDIUM,false,false,false
116,Inadequate lighting in parking area,The parking area behind the hostel is completely dark at night. Students returning from evening activities feel unsafe and there have been reports of theft in this area.,INFRASTRUCTURE,HIGH,false,false,false
117,Water supply cut for three days,The water supply to the hostel and academic block was cut for three days without any advance notice or alternative arrangement. Students could not wash cook or clean.,INFRASTRUCTURE,CRITICAL,false,false,false
118,Sewage overflow near laboratory block,A sewage line overflow near the laboratory block has created an extremely unhygienic environment. The smell is unbearable and there is a risk of disease. This has been reported and ignored for a week.,INFRASTRUCTURE,CRITICAL,false,false,true
119,Dustbins not emptied regularly,The dustbins in the corridors and classrooms are not emptied regularly leading to overflowing trash and foul odors. This reflects poorly on campus hygiene and has not been addressed.,INFRASTRUCTURE,LOW,false,false,false
120,Sports ground not maintained,The sports ground has large potholes and uneven surfaces. A student twisted their ankle during practice last week. The ground has not been maintained for over a year.,INFRASTRUCTURE,MEDIUM,false,false,false
121,Student verbally abused by senior faculty,A senior professor verbally abused a student in front of the entire class using language that was demeaning and unprofessional. Multiple students witnessed the incident.,HARASSMENT,CRITICAL,false,false,false
122,Lab assistant demanding money,The laboratory assistant is allegedly demanding informal payments from students to ensure their practical marks are recorded correctly. Three students have reported this privately.,HARASSMENT,CRITICAL,false,false,true
123,Peer pressure to change answers,During a group assignment a student was pressured by group members to change their submission to match incorrect answers. When the student refused they were excluded from the group.,HARASSMENT,MEDIUM,false,false,false
124,Student being stalked on campus,A female student is being followed and stalked on campus by another student. She has reported the behaviour to the warden but no action has been taken and the stalking continues.,HARASSMENT,CRITICAL,false,false,false
125,Professor singling out students,A professor consistently singles out and humiliates specific students during lectures asking them questions designed to embarrass them in front of the class.,HARASSMENT,HIGH,false,false,false
126,Derogatory comments about learning disability,A student with a diagnosed learning disability has been subjected to mocking comments by a faculty member regarding their pace of learning in front of other students.,HARASSMENT,HIGH,false,false,false
127,Group chat used to spread rumours,A private group chat is being used to spread false rumours about a student's personal life affecting their reputation and mental wellbeing. Screenshots have been documented.,HARASSMENT,HIGH,false,false,false
128,Faculty asking personal questions,A faculty member repeatedly asks students intrusive personal questions about their family finances and relationships during one-on-one academic sessions making students very uncomfortable.,HARASSMENT,HIGH,false,false,false
129,Student forced to apologize publicly,A student was forced by a professor to apologize in front of the entire class for questioning the professor's explanation during a lecture. The apology was publicly humiliating and unjustified.,HARASSMENT,HIGH,false,false,false
130,Anti-social element enters campus,A person with no student ID has been regularly entering the campus and has been seen intimidating students near the library. Security has been informed but the person continues to gain entry.,HARASSMENT,CRITICAL,false,false,true
131,Tuition fee paid but portal not updated,I paid my tuition fee for the second semester through online transfer two weeks ago. The payment has been debited from my account but the university portal still shows dues outstanding.,FINANCIAL,MEDIUM,false,false,false
132,Wrong amount shown in fee challan,The fee challan issued by the accounts office shows an incorrect higher amount compared to the published fee structure on the college website. I cannot understand the basis for the additional charges.,FINANCIAL,MEDIUM,false,false,false
133,Sports fee charged for non-participants,A sports development fee is being charged to all students including those who do not participate in any sports activity and have never used any sports facility.,FINANCIAL,LOW,false,false,false
134,Fellowship not credited despite approval,My AICTE fellowship was approved in September but the quarterly amount has not been credited to my account. The scholarship office says the funds are with the accounts department.,FINANCIAL,HIGH,false,false,false
135,No receipt for miscellaneous fee,I was asked to pay a miscellaneous development fee of Rs 2500 in cash at the administrative counter. No receipt was issued and the payment does not appear in my student account.,FINANCIAL,HIGH,false,false,true
136,Bank account update not processed,I updated my bank account details with the scholarship office in June for direct benefit transfer. The scholarship is still being sent to my old closed account.,FINANCIAL,MEDIUM,false,false,false
137,Penalty for late fee without prior notice,A late fee penalty was added to my account without any prior notification or grace period communication. I was unaware the deadline had changed and could not arrange funds in time.,FINANCIAL,MEDIUM,false,false,false
138,Exam fee paid but not registered,I paid the examination fee before the deadline and have the payment receipt. However I was not registered for the examinations and my name does not appear on the hall ticket list.,FINANCIAL,CRITICAL,false,false,true
139,Discrepancy in scholarship disbursal,The scholarship amount disbursed to students in my category varies significantly without any published justification. Some students received full amounts while others with the same income certificate received less.,FINANCIAL,HIGH,false,false,false
140,Security deposit never refunded,I vacated the hostel at the end of the last academic year and submitted all the required documents. My security deposit of Rs 5000 has not been refunded after eight months.,FINANCIAL,MEDIUM,false,false,false
141,Bonafide certificate delayed,I applied for a bonafide certificate required for my bank education loan three weeks ago. It has still not been issued and the bank is threatening to cancel my loan application.,ADMINISTRATIVE,HIGH,false,false,false
142,Exam schedule conflict not resolved,Two of my end-semester examinations are scheduled on the same date and time. I reported this clash to the examination section one month ago but no revised schedule has been issued.,ADMINISTRATIVE,CRITICAL,false,false,true
143,Course registration portal crashed,The online portal for course registration crashed on the last day of registration. Students who could not register were told to appear in person but the office was closed.,ADMINISTRATIVE,HIGH,false,false,false
144,Grade correction not processed,I applied for a grade correction with documentary evidence four months ago. The application was acknowledged but no action has been taken and my transcript still shows the wrong grade.,ADMINISTRATIVE,HIGH,false,false,false
145,Duplicate marksheet not issued,My original marksheet was lost by the examination section during processing. I applied for a duplicate over three months ago and it has still not been issued.,ADMINISTRATIVE,HIGH,false,false,false
146,Scholarship renewal form rejected incorrectly,My scholarship renewal form was rejected citing a missing document that was clearly attached to the submission. The scholarship office has not acknowledged the resubmission.,ADMINISTRATIVE,HIGH,false,false,false
147,Course completion certificate not issued,I completed a certification course offered by the college six months ago. The completion certificate has not been issued despite repeated requests to the continuing education department.,ADMINISTRATIVE,MEDIUM,false,false,false
148,Wrong department shown on student ID,My student identity card shows the wrong department. This has caused issues during laboratory access and examination entry where my identity is questioned.,ADMINISTRATIVE,MEDIUM,false,false,false
149,Alumni registration not accepted,I have been trying to register on the college alumni portal for networking and job opportunities. My registration has been pending for four months with no response from the alumni cell.,ADMINISTRATIVE,LOW,false,false,false
150,Affiliation certificate not provided,My employer has requested an affiliation certificate from my college but the administrative office has not issued it for three months. This is delaying my background verification process.,ADMINISTRATIVE,HIGH,false,false,false
151,Hostel mess serving non-vegetarian food to vegetarians,The hostel mess has repeatedly served non-vegetarian food in the vegetarian section despite multiple written complaints. Several students have strong dietary restrictions being violated.,HOSTEL,HIGH,false,false,false
152,No medical facility near hostel,There is no medical room or nurse on duty in the hostel premises. When a student fell ill at midnight the nearest medical help was a 20-minute auto ride away.,HOSTEL,HIGH,false,false,false
153,Warden denying night passes,The hostel warden is denying night out passes to students who need to attend family emergencies citing unofficial rules not mentioned in the hostel manual.,HOSTEL,MEDIUM,false,false,false
154,Hostel gate locked before prescribed time,The hostel gate is being locked at 8 PM instead of the prescribed 10 PM. Students returning from the library or evening sessions are locked out and forced to climb walls.,HOSTEL,MEDIUM,false,false,false
155,Room allocation based on favouritism,There are credible allegations that single occupancy rooms and rooms with better amenities are being allocated to students known to the warden through personal connections.,HOSTEL,MEDIUM,false,false,true
156,Electrical wiring exposed in hostel room,The electrical wiring in Room 314 is exposed and has given electric shocks to two students already. Maintenance was informed immediately but has not sent anyone for a week.,HOSTEL,CRITICAL,false,false,true
157,No laundry facility in hostel,The hostel has no laundry facility or washing area with running water. Students are forced to wash clothes in bathrooms which are shared among twenty people.,HOSTEL,LOW,false,false,false
158,Guests allowed inside without checks,The hostel does not verify the identity of guests entering the campus. Unknown individuals have been seen entering the hostel corridors creating security concerns for residents.,HOSTEL,HIGH,false,false,false
159,Hostel internet speed very slow,The internet bandwidth allocated to the hostel is so insufficient that even loading course material takes several minutes. Online examination platforms time out regularly.,HOSTEL,MEDIUM,false,false,false
160,Mess food portions very insufficient,The food portions served at the hostel mess have been reduced significantly without any corresponding reduction in mess fees. Students are leaving meals hungry.,HOSTEL,MEDIUM,false,false,false
161,Bus driver not following designated route,The college bus on Route 3 is taking a longer route than designated adding thirty extra minutes to the journey. The driver has not been responsive to passenger requests to follow the correct route.,TRANSPORTATION,LOW,false,false,false
162,No bus shelter at pickup point,The designated college bus pickup point has no shelter. Students wait in the open sun or rain for up to thirty minutes every morning with no protection from the elements.,TRANSPORTATION,LOW,false,false,false
163,Special bus for examination cancelled,The college had promised a special bus service for the examination week for outstation students. This service was cancelled the evening before the exams with no alternative provided.,TRANSPORTATION,HIGH,false,false,false
164,Driver playing loud music,The bus driver plays extremely loud music during the journey making it impossible for students to sleep review notes or have a conversation. Requests to reduce the volume are ignored.,TRANSPORTATION,LOW,false,false,false
165,Bus timings changed without notice,The morning bus pick-up timing was changed from 7:30 AM to 6:45 AM without informing students. Several students missed the bus on the first day and were marked absent.,TRANSPORTATION,MEDIUM,false,false,false
166,Bus not sanitized during flu season,During the ongoing flu season the college buses have not been sanitized at all. Students sharing seats in an enclosed bus during illness outbreaks is a preventable risk.,TRANSPORTATION,HIGH,false,false,false
167,Female students not given priority seating,Female students are not given priority seating as stated in the transport policy. Male students occupying front seats refuse to move and the conductor does not intervene.,TRANSPORTATION,MEDIUM,false,false,false
168,New students unaware of bus routes,New students joining midway through the semester are not informed about bus routes timings or pass procedures. The transport office does not have any published guide.,TRANSPORTATION,LOW,false,false,false
169,Bus attendance not matching actual students,The transport attendance register shows students as present on days they did not board the bus. This creates compliance and accountability issues.,TRANSPORTATION,MEDIUM,false,false,true
170,Emergency helpline not working on bus,The emergency helpline number displayed inside the college buses has been non-functional for months. Students have no way to report incidents during travel.,TRANSPORTATION,HIGH,false,false,false
171,New books not procured for new syllabus,The library has not procured books for three subjects introduced in the revised curriculum this year. Students have no reference material and cannot afford to buy all titles.,LIBRARY,HIGH,false,false,false
172,Library computers very slow,The computers available in the digital library section are very old and extremely slow. Loading a research paper takes several minutes and they frequently freeze during use.,LIBRARY,LOW,false,false,false
173,Books not returned by faculty on time,Several faculty members have borrowed books reserved for students and have not returned them for months. The library does not enforce return deadlines for faculty.,LIBRARY,MEDIUM,false,false,false
174,Thesis submission rejected at library,My final year thesis was rejected by the library for binding format issues. The library had never communicated the specific format requirements to students beforehand.,LIBRARY,MEDIUM,false,false,false
175,No access to e-resources from home,Students cannot access the college's subscribed e-journals and databases from off-campus. During examination and project season this severely limits research capability.,LIBRARY,HIGH,false,false,false
176,Librarian absent frequently,The chief librarian is absent for several days each week and there is no substitute with authority to approve book reservations or handle complaints during these absences.,LIBRARY,MEDIUM,false,false,false
177,Library catalogue not updated,The physical catalogue at the library entrance lists books that are no longer available and does not include recently acquired titles. Students waste time searching for books that do not exist.,LIBRARY,LOW,false,false,false
178,Group study room always occupied by faculty,The only group study room in the library is consistently used by faculty members for private meetings. Students who book the room in advance are turned away.,LIBRARY,MEDIUM,false,false,false
179,Photocopying machine broken for weeks,The photocopying machine in the library has been out of service for three weeks. Students needing to copy reference material must go off-campus causing delays and additional costs.,LIBRARY,LOW,false,false,false
180,No night reading facility in library,The library closes at 5 PM and has no night reading room. During examination season students have no campus space to study quietly in the evenings and nights.,LIBRARY,HIGH,false,false,false
181,Lab experiment not matching syllabus,The experiments being conducted in the Physics laboratory this semester do not match the prescribed syllabus. Students risk failing the practical examination on topics they have not been trained on.,LABORATORY,HIGH,false,false,false
182,Reagents expired in chemistry lab,Multiple reagents in the chemistry laboratory are past their expiry dates. Using expired chemicals produces incorrect results and may pose health risks to students.,LABORATORY,HIGH,false,false,true
183,Lab instructor not qualified,The laboratory instructor assigned to the advanced electronics lab appears to have no knowledge of the subject matter. Practical sessions have been unproductive and students are not learning.,LABORATORY,HIGH,false,false,false
184,No documentation for lab procedures,There are no written standard operating procedures for any of the laboratory experiments. Students follow verbal instructions that vary between batches leading to inconsistent outcomes.,LABORATORY,MEDIUM,false,false,false
185,Observation books collected but not returned,Laboratory observation books submitted in September have not been returned by the instructor. Students cannot use previous observations for upcoming practicals.,LABORATORY,MEDIUM,false,false,false
186,Safety drill never conducted in labs,No fire safety or chemical spill drill has been conducted in any laboratory this academic year. Students do not know the procedures in case of a laboratory emergency.,LABORATORY,HIGH,false,false,false
187,Lab sessions clash with other classes,Several students have laboratory sessions scheduled at the same time as mandatory lectures. The timetable conflict has been raised but not resolved.,LABORATORY,HIGH,false,false,false
188,No ventilation in chemistry laboratory,The chemistry laboratory has inadequate ventilation. During experiments involving volatile chemicals students are exposed to harmful fumes without proper exhaust systems.,LABORATORY,CRITICAL,false,false,true
189,Viva marks seem predetermined,The viva voce marks for laboratory practicals appear to be predetermined. Students who answer questions correctly are given the same marks as those who cannot answer at all.,LABORATORY,HIGH,false,false,false
190,Equipment reservation system not working,The online equipment reservation system for the advanced lab is not functional. Students cannot pre-book equipment and the first-come-first-serve approach means many leave without completing practicals.,LABORATORY,MEDIUM,false,false,false
191,No placement support for non-IT students,The training and placement cell focuses exclusively on IT companies. Students from Mechanical Civil and Electrical branches receive no sector-specific guidance or company connections.,OTHER,HIGH,false,false,false
192,No medical insurance for students,The college does not offer or facilitate any group medical insurance for students. During a recent laboratory accident the injured student had to bear the full medical cost personally.,OTHER,HIGH,false,false,false
193,Student union elections not held,Student union elections have not been conducted for two consecutive academic years. Students have no formal representative body to present collective concerns to the administration.,OTHER,MEDIUM,false,false,false
194,College prospectus information incorrect,The college prospectus advertises facilities and faculty qualifications that do not reflect reality. Students chose this institution based on inaccurate information.,OTHER,HIGH,false,false,false
195,No feedback mechanism for faculty,Students have no formal anonymous mechanism to provide feedback on teaching quality. The only formal evaluations are controlled by the same department the faculty belongs to.,OTHER,MEDIUM,false,false,false
196,Wi-Fi password changed without notice,The campus Wi-Fi password is changed periodically without informing students. Students attending online sessions or downloading study material are suddenly disconnected with no explanation.,OTHER,LOW,false,false,false
197,Emergency contact not available at night,The emergency contact number listed on the college website goes unanswered after 6 PM. Students in distress after hours have no institutional point of contact.,OTHER,HIGH,false,false,false
198,College events always on weekdays,All major college events fests and workshops are scheduled on weekdays disrupting regular academic schedules. Attending events means missing classes and students are penalized for absence.,OTHER,LOW,false,false,false
199,No support for international students,International exchange students receive no dedicated orientation support administrative assistance or cultural integration help. They are left to navigate bureaucracy entirely on their own.,OTHER,HIGH,false,false,false
200,No student locker facility,The college has no locker facility for students who travel long distances and need to store personal belongings safely during the day. Valuable items left in classrooms are frequently stolen.,OTHER,MEDIUM,false,false,false
201,Proxy attendance being marked,Proxy attendance is being marked in several classes with the professor's knowledge. Students who are genuinely absent are being marked present by classmates.,ACADEMIC,MEDIUM,false,false,true
202,Subject taught by unqualified substitute,The core subject of Algorithms is being taught by a substitute faculty member who has no background in computer science. The quality of instruction is poor and students are falling behind.,ACADEMIC,HIGH,false,false,false
203,Marks for university exam not tallying,The marks for my university examination as communicated to me verbally by the professor do not match what was submitted to the university. The discrepancy is of 12 marks.,ACADEMIC,HIGH,false,false,false
204,Open book exam rules changed midway,The professor changed the rules of the open book examination midway through the exam session saying students could no longer refer to notes. This was unfair to students who had prepared accordingly.,ACADEMIC,HIGH,false,false,false
205,No mentor-mentee system,The college's published mentor-mentee programme exists only on paper. No actual mentoring sessions are conducted and students in academic difficulty have no access to guidance.,ACADEMIC,MEDIUM,false,false,false
206,Fake grievance test submission,This is a test submission to verify the grievance portal is working correctly. Please discard.,ACADEMIC,LOW,true,false,false
207,Exam postponed without proper notice,My examination was postponed but I received the notice only on the day of the exam via WhatsApp. I had already travelled from my hometown and incurred significant travel expenses.,ACADEMIC,HIGH,false,false,false
208,Online class link not shared,The professor did not share the link for online classes for an entire week. Students had no way to attend and have missed a significant portion of the syllabus.,ACADEMIC,MEDIUM,false,false,false
209,Academic calendar not followed,The published academic calendar is not being followed. Events exams and holidays are being changed repeatedly without formal communication causing confusion and missed preparation.,ACADEMIC,MEDIUM,false,false,false
210,Group project marks not distributed fairly,In a group project one student did all the work but all group members received the same marks. The student who worked raised this with the professor who dismissed the concern.,ACADEMIC,MEDIUM,false,false,false
211,Fire extinguishers not serviced,The fire extinguishers across the campus are overdue for their mandatory annual service. Several show red tags indicating they are empty or non-functional.,INFRASTRUCTURE,CRITICAL,false,false,true
212,Classroom overcrowding exceeds safety limit,A classroom designed for sixty students is being used to seat ninety-five. This violates safety norms and makes it impossible to maintain any study environment.,INFRASTRUCTURE,HIGH,false,false,false
213,Sewage smell in academic block,There is a persistent sewage smell throughout the ground floor of the academic block. The source has been identified as a broken underground pipe but repair work has not started.,INFRASTRUCTURE,HIGH,false,false,false
214,Damaged roads inside campus,The internal campus roads are severely potholed and damaged. Multiple students have fallen off bicycles and one motorcycle accident was reported. Repairs have been pending for a year.,INFRASTRUCTURE,MEDIUM,false,false,false
215,Water cooler serving warm water,All water coolers on campus are serving room-temperature water. The cooling units appear to have failed. In summer heat this means students have no access to safe cool drinking water.,INFRASTRUCTURE,MEDIUM,false,false,false
216,Air conditioning broken in server room,The air conditioning in the server room has been malfunctioning for three weeks. The temperature is affecting server performance and students working in the adjacent lab are experiencing frequent system crashes.,INFRASTRUCTURE,HIGH,false,false,false
217,Campus boundary wall broken,A section of the campus boundary wall near the sports ground has collapsed. This creates a direct entry point for outsiders and a security risk that has been ignored for two weeks.,INFRASTRUCTURE,HIGH,false,false,false
218,No CCTV in examination halls,There are no CCTV cameras in any of the examination halls. This has allowed widespread use of unfair means in recent examinations and honest students are disadvantaged.,INFRASTRUCTURE,HIGH,false,false,false
219,Temporary classrooms without proper flooring,The additional classrooms constructed as temporary structures have no proper flooring. Dust enters continuously making the environment unhealthy especially for students with respiratory conditions.,INFRASTRUCTURE,MEDIUM,false,false,false
220,No proper drainage in ground floor labs,The ground floor chemistry laboratory floods during heavy rain due to insufficient drainage. Valuable equipment and student records stored there get damaged every monsoon season.,INFRASTRUCTURE,HIGH,false,false,false
221,Student humiliated during presentation,During a class presentation a professor repeatedly interrupted and laughed at a student's work in front of fifty other students. The student was in tears and left the classroom.,HARASSMENT,HIGH,false,false,false
222,Group of seniors blocking junior access to gym,A group of senior students routinely occupies the entire gymnasium during hours allocated to juniors. When juniors try to enter they are intimidated and turned away.,HARASSMENT,MEDIUM,false,false,false
223,Threatening note left in hostel room,A student found a handwritten threatening note left inside their locked hostel room. The identity of the person who left the note is unknown. Security and warden were informed but no investigation has begun.,HARASSMENT,CRITICAL,false,false,true
224,Professor commenting on student's social media,A professor has been commenting on a student's personal social media posts in a way that is intrusive and inappropriate. When the student asked the professor to stop they were threatened with lower grades.,HARASSMENT,CRITICAL,false,false,false
225,Student from reserved category denied help,A student from a reserved category background is being denied academic help by classmates who refuse to share notes or include them in study groups based on their category.,HARASSMENT,HIGH,false,false,false
226,Romantic proposal not taken no for answer,A student made an unwanted romantic proposal to a female student. After being clearly rejected the student has continued to follow and contact her persistently despite multiple refusals.,HARASSMENT,CRITICAL,false,false,false
227,Seniors demanding free labour,Senior students are compelling juniors to complete their assignments and projects without compensation under the threat of social exclusion and spreading false information.,HARASSMENT,HIGH,false,false,false
228,Academic rivalry turned hostile,An academic rivalry between two students has turned hostile with one student spreading false academic misconduct allegations against the other to the department head.,HARASSMENT,HIGH,false,false,false
229,Unequal treatment during examinations,A student with a certified writing disability was denied extra time during the examination despite having submitted the required medical documentation to the examination office.,HARASSMENT,CRITICAL,false,false,false
230,Anonymous complaint filed against student,An anonymous complaint was filed against a student accusing them of academic misconduct. The complaint contained false allegations and the identity of the complainant has not been investigated.,HARASSMENT,HIGH,false,false,false
231,Examination fee hike not justified,The examination fee for this academic year has been increased by 40% without any official justification circular or announcement. Students are paying significantly more with no explanation.,FINANCIAL,HIGH,false,false,false
232,Scholarship linked to CGPA not updated,My CGPA meets the scholarship threshold but the scholarship portal still shows me as ineligible because my latest semester marks have not been updated in the system.,FINANCIAL,MEDIUM,false,false,false
233,Fee paid but showing outstanding,My fee payment made via demand draft was submitted to the accounts counter three weeks ago. The receipt is held by the accounts office and the portal still shows my dues as outstanding.,FINANCIAL,MEDIUM,false,false,false
234,Fake fee receipt distributed,A fake fee receipt is being circulated among students by another student collecting money and issuing unofficial receipts. This has defrauded at least five students.,FINANCIAL,CRITICAL,false,false,true
235,Sports scholarship not disbursed,I was awarded a sports scholarship based on my state-level achievement. The scholarship was announced in July but the amount has not been disbursed despite it being November.,FINANCIAL,HIGH,false,false,false
236,Development fee purpose not disclosed,A development fee of Rs 3000 is charged annually but no information is ever provided about what projects or activities this fee funds. Requests for transparency have not been answered.,FINANCIAL,LOW,false,false,false
237,Mess fee charged for vacation months,Hostel mess fees were charged for the two months when the hostel was officially closed during vacations. Students who were not on campus should not have been charged for this period.,FINANCIAL,MEDIUM,false,false,false
238,Alumni donation not acknowledged,I made a donation to the college alumni fund as requested during the alumni meet. The donation was not acknowledged and does not appear in the alumni fund records.,FINANCIAL,LOW,false,false,false
239,Stipend for internship not paid,I completed a mandatory internship arranged by the college where the host company agreed to pay a stipend. The stipend was collected by the college placement cell but not passed on to me.,FINANCIAL,HIGH,false,false,true
240,Fine imposed without evidence,A fine was imposed on my student account for alleged damage to college property. I was not informed of the specific damage alleged and no evidence or photograph was provided.,FINANCIAL,MEDIUM,false,false,false
241,Convocation ceremony delayed unreasonably,Our graduating batch is the third consecutive batch to have the convocation delayed. The degree certificates are being withheld until after the ceremony which itself has no scheduled date.,ADMINISTRATIVE,HIGH,false,false,false
242,Department transfer not processed,I submitted a formal request for inter-department transfer in July as permitted by the college policy. The request has neither been approved nor rejected and I am now three months into the wrong programme.,ADMINISTRATIVE,HIGH,false,false,false
243,Student discipline committee decision unfair,The student discipline committee penalized a student without conducting a fair hearing. The student was not given an opportunity to present their side and the punishment was disproportionate.,ADMINISTRATIVE,HIGH,false,false,false
244,Internship NOC not issued,The college administration has not issued the No Objection Certificate needed for my internship at a reputed company. The delay has caused the offer to be at risk of being withdrawn.,ADMINISTRATIVE,HIGH,false,false,false
245,Incorrect category in admission record,My admission record shows the wrong category which is affecting my eligibility for category-based scholarships and reservations. Correction requests have been submitted three times.,ADMINISTRATIVE,HIGH,false,false,false
246,Circular issued without date,Official circulars from the administration regularly lack issue dates making it impossible for students to know whether communications are current or outdated.,ADMINISTRATIVE,LOW,false,false,false
247,Examination hall change not communicated,The examination hall was changed on the day of the examination without any notice. Several students went to the wrong hall and were marked absent for that paper.,ADMINISTRATIVE,CRITICAL,false,false,true
248,Portal not accessible on mobile browsers,The student portal is not accessible on mobile browsers. Students who do not have laptops or desktops cannot access their timetables grades or exam schedules conveniently.,ADMINISTRATIVE,MEDIUM,false,false,false
249,Late fee notification via student portal only,The accounts office issues due date reminders only through the student portal which many students do not check regularly. This results in avoidable late fee penalties.,ADMINISTRATIVE,LOW,false,false,false
250,Event permission request ignored,I submitted a formal request to organize a technical event through the student activity cell. The request was submitted six weeks ago and has received no response.,ADMINISTRATIVE,LOW,false,false,false
251,Hostel food same every day,The hostel mess serves the same menu every single day with no variety. Students are paying for a full meal plan but the nutritional diversity and quality are completely unacceptable.,HOSTEL,LOW,false,false,false
252,Room heater not provided in winter,Students in the northern hostel block have no room heaters despite temperatures dropping below 5 degrees Celsius. Several students have fallen sick with cold and flu.,HOSTEL,HIGH,false,false,false
253,Hostel room shared by too many students,My hostel room originally designed for two students now houses four. There is no space to place luggage or study at the desk. The allocation change was made without consent.,HOSTEL,MEDIUM,false,false,false
254,Students smoking in hostel corridors,Smoking is taking place openly in hostel corridors affecting non-smoking students including those with respiratory conditions. The warden is aware but takes no enforcement action.,HOSTEL,MEDIUM,false,false,false
255,Hostel staff demanding tips,Hostel housekeeping staff are demanding tips from students in exchange for cleaning their rooms and have been leaving rooms unclean when tips are not given.,HOSTEL,MEDIUM,false,false,true
256,Noise disturbance in hostel during exam week,Students living in one section of the hostel are holding loud gatherings even during examination week. The warden does not enforce any quiet hours during this critical period.,HOSTEL,HIGH,false,false,false
257,Hostel admission waitlist not transparent,The hostel waitlist process is not transparent. Students who applied earlier than others have been allotted rooms later without any explanation of how priority is determined.,HOSTEL,MEDIUM,false,false,false
258,Hostel complaint register not maintained,When I tried to enter my complaint in the hostel complaint register I was told by the warden that no such register exists. The college policy requires one to be maintained.,HOSTEL,MEDIUM,false,false,false
259,Hostel maintenance requests ignored,I submitted three written maintenance requests over six weeks for a broken ceiling fan in my room. None of the requests have been acknowledged or acted upon.,HOSTEL,MEDIUM,false,false,false
260,Prohibited items found during room search,During a hostel room search conducted without prior notice prohibited items were found in my room. I was penalised but I did not bring those items. The process was not impartial.,HOSTEL,HIGH,false,false,false
261,Bus passes not valid on alternate routes,My bus pass is valid only for one specific route. When that bus breaks down or is cancelled there is no provision to board an alternate college bus leaving me stranded.,TRANSPORTATION,MEDIUM,false,false,false
262,Waiting area at bus stop has no benches,The bus waiting area outside the college has no seating. Students with heavy bags wait for up to 30 minutes in the sun and rain with no shelter or facility.,TRANSPORTATION,LOW,false,false,false
263,Bus route covers no student residential area,The college bus routes were designed years ago and no longer cover areas where most current students live. A large proportion of students have to arrange their own transport.,TRANSPORTATION,MEDIUM,false,false,false
264,New student not informed of bus facility,I was not informed that a college bus facility exists or how to register for it during admission orientation. I have been paying private auto fares for three months unnecessarily.,TRANSPORTATION,LOW,false,false,false
265,Bus conductor misbehaving with students,The conductor of Bus Route 6 speaks rudely to students and has on two occasions physically pushed students while collecting bus passes. Complaints to the transport office have been verbal only.,TRANSPORTATION,HIGH,false,false,false
266,No bus during state holidays,The college has classes on some state government holidays but no bus service is provided. Students on bus routes are not informed in advance and must arrange alternate transport.,TRANSPORTATION,MEDIUM,false,false,false
267,Incorrect bus route on college website,The bus route information on the college website is outdated and does not match actual routes. New students relying on this information are missing their buses on the first day.,TRANSPORTATION,LOW,false,false,false
268,Bus fee increased mid-year,The college bus fee was increased mid-academic year by Rs 500 per month. The increase was announced only one week in advance with no justification.,TRANSPORTATION,MEDIUM,false,false,false
269,Driver using phone while driving,The driver of the Route 5 bus uses a mobile phone while driving on the highway. Multiple students have reported this safety concern to the transport office with no action taken.,TRANSPORTATION,CRITICAL,false,false,false
270,Bus not stopping at designated stop,The college bus regularly bypasses one of the designated pick-up stops without reason. Students at that stop frequently miss the bus and are late for morning classes.,TRANSPORTATION,MEDIUM,false,false,false
271,Library books reserved but not available,I reserved a book through the online library reservation system and received a confirmation. When I went to collect it I was told the book was not available and the system had an error.,LIBRARY,MEDIUM,false,false,false
272,Library charging for borrower card,The library is charging students Rs 200 for a borrower card that was previously provided free. No official policy change was communicated to students.,LIBRARY,LOW,false,false,false
273,Newspaper and magazine section neglected,The newspaper and magazine reading section in the library has not been restocked for six months. Publications that are more than half a year old are still the newest available.,LIBRARY,LOW,false,false,false
274,Library blocking social media on study Wi-Fi,The library Wi-Fi is blocking access to several academic websites including GitHub ResearchGate and certain international university library portals used for research.,LIBRARY,MEDIUM,false,false,false
275,Missing pages in newly acquired books,Several books recently acquired by the library have missing or misprinted pages. These defects should have been identified before making them available to students.,LIBRARY,LOW,false,false,false
276,No accessibility features in digital library,The digital library portal has no accessibility features for visually impaired students. There are no text-to-speech options keyboard navigation or contrast settings.,LIBRARY,HIGH,false,false,false
277,Faculty hoarding multiple copies,A faculty member has borrowed seven copies of the same textbook using student IDs without student knowledge. Students in that course cannot borrow the required book.,LIBRARY,HIGH,false,false,true
278,Library helpdesk understaffed,There is only one library staff member on duty on most days. Students queue for extended periods to borrow return or request assistance. The help desk is often unattended.,LIBRARY,MEDIUM,false,false,false
279,Old edition books only in library,The library holds only old editions of key textbooks while the syllabus references the latest editions. The differences between editions cause confusion and incorrect learning.,LIBRARY,MEDIUM,false,false,false
280,No provision for book donation,Several students and alumni have offered to donate books to the library. There is no process or point of contact for receiving donated books and the offers have been turned down.,LIBRARY,LOW,false,false,false
281,Protective gear not provided in welding lab,Students in the Mechanical Engineering welding laboratory are not provided with welding shields or protective aprons. This is a serious safety violation in a high-risk activity.,LABORATORY,CRITICAL,false,false,true
282,Lab reports not marked fairly,Laboratory reports have not been returned after grading and students have no idea what marks they received or what errors were made. There is no feedback on laboratory performance.,LABORATORY,MEDIUM,false,false,false
283,Equipment booking system biased,The equipment reservation system in the research laboratory always shows certain projects as having priority over others with no published allocation policy.,LABORATORY,MEDIUM,false,false,false
284,No drinking water near lab block,There is no drinking water facility near the laboratory block. Students conducting three-hour practicals must walk to the main building to drink water.,LABORATORY,LOW,false,false,false
285,Lab instructor absent without notice,The laboratory instructor for the Networks lab was absent for three consecutive sessions without informing students. The sessions were held without supervision.,LABORATORY,HIGH,false,false,false
286,Expensive consumables not provided,Students are required to purchase their own consumables for laboratory experiments that were listed as provided in the fee schedule. This is an additional financial burden.,LABORATORY,MEDIUM,false,false,false
287,Lab timings conflicting with prayer times,The laboratory sessions have been scheduled during Friday afternoon prayer times without consideration for Muslim students who need to leave campus briefly.,LABORATORY,MEDIUM,false,false,false
288,Sensitive equipment left unattended,Expensive and sensitive laboratory equipment is regularly left unattended overnight. There have been instances of unexplained damage and wear suggesting misuse.,LABORATORY,HIGH,false,false,false
289,Safety data sheets not accessible,Safety data sheets for hazardous chemicals are not posted in the chemistry laboratory. Students handling chemicals have no immediate reference for handling emergencies.,LABORATORY,CRITICAL,false,false,true
290,Lab exam dates not communicated early,The dates for practical examinations are announced only one week in advance. Students with multiple practicals scheduled close together do not have adequate preparation time.,LABORATORY,MEDIUM,false,false,false
291,No formal complaint box on campus,There is no physical complaint box anywhere on campus. The only avenue for complaints is direct communication with office staff which many students are afraid to use.,OTHER,MEDIUM,false,false,false
292,College website information outdated,The college website shows faculty profiles for professors who left the institution two years ago and does not list current faculty. Prospective students and visitors are misled.,OTHER,LOW,false,false,false
293,No sexual harassment committee visible,The Internal Complaints Committee as mandated by the POSH Act appears to exist only on paper. There is no visibility of its members contact information or complaint procedure.,OTHER,CRITICAL,false,false,true
294,Student ID not working for campus access,My student ID card is not activating the electronic access control for the library and computer lab. I was told the card needs to be reprogrammed but the IT office has not done this for three weeks.,OTHER,MEDIUM,false,false,false
295,Printing quota too low,The printing quota allocated to each student per semester is insufficient for the volume of assignments reports and project documents required. Students are spending heavily on external printing.,OTHER,LOW,false,false,false
296,No acknowledgment of complaint submitted,I submitted a formal written complaint to the principal's office three weeks ago. I have not received any acknowledgment and when I enquire I am told to wait without being given a reference number.,OTHER,MEDIUM,false,false,false
297,Classroom keys misplaced regularly,Classroom keys are misplaced by staff regularly causing the first fifteen to twenty minutes of each class to be wasted while students and faculty wait outside. This is a systemic problem.,OTHER,LOW,false,false,false
298,No peer learning programme,The college has no structured peer learning or tutoring programme. Students who need additional help have no institutional support between classes and formal tutoring.,OTHER,LOW,false,false,false
299,Exam results portal down on result day,The examination result portal consistently crashes on the day results are released due to high simultaneous access. Students have to wait for days to access their results.,OTHER,HIGH,false,false,false
300,No alumni interaction programme,The college has no programme connecting current students with alumni for career guidance mentorship or networking. Many students are unaware of career paths in their field.,OTHER,LOW,false,false,false
301,Abusive language used by professor,The professor teaching Engineering Mathematics uses abusive language in class when students ask questions. This behaviour has been reported verbally to the HOD but continues.,ACADEMIC,CRITICAL,false,false,false
302,Assignment deadline changed without notice,The deadline for the term assignment was moved forward by one week without consulting students. Many had planned their submissions around the original deadline and could not comply.,ACADEMIC,HIGH,false,false,false
303,Course material not uploaded on portal,The professor has not uploaded any course material study notes or reference links on the student portal. Students are entirely dependent on whatever is covered in class.,ACADEMIC,MEDIUM,false,false,false
304,Supplementary exam result delayed,I appeared in the supplementary examination six months ago. My result has not yet been declared and I am unable to register for the next year of study.,ACADEMIC,HIGH,false,false,false
305,Duplicate grievance about grading,My mid-semester exam paper was graded incorrectly. I scored full marks in three questions but was given partial credit without explanation despite requesting re-evaluation.,ACADEMIC,HIGH,false,true,false
306,Online exam platform crashed during exam,The online examination platform crashed midway through my paper. I lost my progress and was given only ten minutes of additional time which was grossly insufficient.,ACADEMIC,CRITICAL,false,false,true
307,Professor attending class only 30% of time,Based on the class attendance record that was accidentally displayed the professor has attended only 30% of scheduled classes. The remaining were either cancelled or taken by an unqualified substitute.,ACADEMIC,HIGH,false,false,false
308,Marks deducted for handwriting,A professor deducted marks from students' written answers citing poor handwriting rather than the correctness of the answer. This is not a valid criterion in the marking scheme.,ACADEMIC,MEDIUM,false,false,false
309,Extra credit not counted,I submitted optional extra credit work as announced by the professor. When marks were released the extra credit had not been factored in and the professor says it was never mandatory.,ACADEMIC,LOW,false,false,false
310,Question paper out of syllabus,The end-semester examination question paper contained questions from topics not included in the syllabus as communicated to students. Multiple students could not answer large portions of the paper.,ACADEMIC,HIGH,false,false,false
311,Rainwater entering classroom through roof,The classroom in Block C second floor has a damaged roof from which rainwater leaks during monsoon. Students and equipment are at risk and classes cannot be conducted during rain.,INFRASTRUCTURE,HIGH,false,false,false
312,No ramp for wheelchair access in library,The library entrance has only steps with no ramp. A student using a wheelchair cannot enter the library independently. This violates disability accessibility norms.,INFRASTRUCTURE,HIGH,false,false,false
313,Generator exhaust near classroom windows,The generator exhaust pipe is located directly below the windows of Classroom 102. Fumes from the generator enter the classroom during power cuts making the environment unhealthy.,INFRASTRUCTURE,HIGH,false,false,true
314,Electrical wiring not covered in corridors,Exposed electrical wiring can be seen hanging from the ceiling in multiple corridors of the old academic block. This is a serious safety hazard that has been present for months.,INFRASTRUCTURE,CRITICAL,false,false,true
315,ATM on campus not working for weeks,The only ATM on the campus has been non-functional for three weeks. Students who rely on cash for canteen purchases and local vendors are inconvenienced.,INFRASTRUCTURE,LOW,false,false,false
316,Insufficient seating in canteen,The canteen has seating for only eighty students during lunch hours when more than four hundred students visit. Students eat standing or on staircases causing hygiene and safety issues.,INFRASTRUCTURE,MEDIUM,false,false,false
317,Projector screen torn in classroom,The projector screen in Room 108 is torn and does not display clearly. All visual presentations in this room are affected. The issue has been reported but no repair has been made.,INFRASTRUCTURE,LOW,false,false,false
318,No emergency light in stairways,The stairways in the academic block have no emergency lighting. During a recent fire drill the stairs were pitch dark when the main power was simulated as cut.,INFRASTRUCTURE,CRITICAL,false,false,true
319,Water leaking from lab sink into electrical panel,Water from the laboratory sink is dripping into the electrical panel in the wall below. This is an extremely dangerous combination that could cause electrocution.,INFRASTRUCTURE,CRITICAL,false,false,true
320,Boundary wall too low near girls hostel,The boundary wall near the girls hostel is only four feet high in one section. This is a serious security concern and has been reported to administration with no remedial action.,INFRASTRUCTURE,HIGH,false,false,false
321,Ragging complaint dismissed without inquiry,I filed a formal ragging complaint with the anti-ragging committee. The committee dismissed the complaint in two days without conducting any formal inquiry or speaking to witnesses.,HARASSMENT,CRITICAL,false,false,false
322,Student photographs shared without consent,Photographs taken during a college event were shared on the institution's official social media accounts without obtaining consent from all students appearing in them.,HARASSMENT,MEDIUM,false,false,false
323,Professor giving preferential project topics,The professor distributes research project topics by personal preference giving interesting and marketable topics to favoured students while assigning generic topics to others.,HARASSMENT,MEDIUM,false,false,false
324,Class representative abusing position,The class representative has been misusing their position by selectively informing certain students about class cancellations and examination schedule changes.,HARASSMENT,MEDIUM,false,false,false
325,Student account hacked and misused,A student's college email account appears to have been hacked. Emails are being sent from the account to faculty and administration in the student's name without their knowledge.,HARASSMENT,CRITICAL,false,false,true
326,Seniors blocking access to senior student,A group of seniors has been physically blocking a junior student's entry to the college cafeteria for two weeks and telling them to eat only at specific times.,HARASSMENT,HIGH,false,false,false
327,Faculty demanding personal favours,A faculty member has been suggesting to students that personal favours such as accompanying them to events will result in better internal assessment marks.,HARASSMENT,CRITICAL,false,false,false
328,Humiliation in front of parents,During a parent-teacher meeting a professor humiliated a student by sharing private academic struggles and personal details in front of other parents without the student's consent.,HARASSMENT,HIGH,false,false,false
329,Student isolated by entire class,An entire section is ignoring and isolating one student based on instructions from a senior student. The isolated student is experiencing severe psychological distress.,HARASSMENT,CRITICAL,false,false,false
330,False academic complaint by rival student,A student filed a false academic misconduct complaint against a rival to gain competitive advantage. The complaint led to a disciplinary proceeding that took three months to resolve.,HARASSMENT,HIGH,false,false,false
331,Caution money used without permission,The caution money deposited by students for laboratory equipment has been used for other purposes without student consent. This was revealed during an accidental disclosure at a faculty meeting.,FINANCIAL,HIGH,false,false,true
332,Scholarship stopped without explanation,My merit scholarship which was active for two years has suddenly stopped being credited. No explanation or notice has been provided and the scholarship office is unresponsive.,FINANCIAL,HIGH,false,false,false
333,Fee structure different from brochure,The fee structure currently being charged by the college accounts office is significantly higher than what was published in the admission brochure I received. The difference is Rs 18000 per year.,FINANCIAL,HIGH,false,false,false
334,Bus fee collected but service stopped,The annual bus fee was collected at the start of the semester. The bus service for our route was discontinued in the middle of the semester due to low ridership without refunding the fee.,FINANCIAL,HIGH,false,false,false
335,Sports kit not provided despite fee,A sports kit development fee is included in the fee structure. No sports kit has ever been provided to students and no explanation is given when students ask.,FINANCIAL,LOW,false,false,false
336,Exam form fee collected twice,Students in one section were asked to pay the examination form fee twice. The second collection was unofficial and no receipts were issued.,FINANCIAL,HIGH,false,false,true
337,Fee waiver approval not communicated,My fee waiver application was submitted in June. I have received no approval or rejection and the accounts office is charging late fees for unpaid dues that should be covered by the waiver.,FINANCIAL,HIGH,false,false,false
338,Laboratory breakage charges unfair,Laboratory breakage charges are being deducted uniformly from all students regardless of whether the breakage occurred in their session or whether they were responsible.,FINANCIAL,MEDIUM,false,false,false
339,Canteen token system not transparent,The canteen token system used for subsidized meals has an opaque balance system. Students cannot see how many tokens remain or review their transaction history.,FINANCIAL,LOW,false,false,false
340,Scholarship distributed but taxed informally,A portion of the scholarship amount disbursed to students is being informally deducted as an administrative fee before crediting. No documentation or authorization exists for this deduction.,FINANCIAL,CRITICAL,false,false,true
341,Principal not available for complaint,I have been trying to meet the Principal to file a formal complaint for three weeks. Every visit to the office results in being told the Principal is unavailable.,ADMINISTRATIVE,MEDIUM,false,false,false
342,Complaint acknowledgment not given,After filing a written complaint with the administration office I was not given any acknowledgment receipt or reference number. There is no way to track whether the complaint was received.,ADMINISTRATIVE,MEDIUM,false,false,false
343,Wrong date of birth on university record,My date of birth is incorrectly recorded in the university academic record. This is causing issues with government identification documents and job applications.,ADMINISTRATIVE,HIGH,false,false,false
344,Student welfare fund applications ignored,Applications for emergency student welfare fund assistance have been submitted by three students in financial crisis. All three applications have been pending for over two months.,ADMINISTRATIVE,HIGH,false,false,false
345,Annual report of the college incorrect,The annual report submitted by the college to the regulatory body contains data that does not match ground reality including inflated placement numbers.,ADMINISTRATIVE,HIGH,false,false,true
346,Anti-ragging form not accepted,Students are being asked to submit the anti-ragging undertaking form again despite having already submitted it during admission. The original submissions appear to have been lost.,ADMINISTRATIVE,MEDIUM,false,false,false
347,Change of address not updated,I updated my address in the college records six months ago. All official correspondence is still being sent to my old address causing me to miss important notifications.,ADMINISTRATIVE,LOW,false,false,false
348,Internal examination dates clash with industry event,The internal examination dates were scheduled on the same days as a major national-level industry event that several students were representing the college at.,ADMINISTRATIVE,HIGH,false,false,false
349,Examination result withheld without reason,My examination result for the fourth semester has been withheld without any communication of the reason. The examination section says there is a query but has not specified what it is.,ADMINISTRATIVE,HIGH,false,false,false
350,Student file lost by administration,My original admission documents which were submitted to and retained by the administration office have been lost. The office cannot locate the file and has asked me to resubmit all documents.,ADMINISTRATIVE,HIGH,false,false,false
351,Hostel warden playing favourites,The hostel warden grants extended curfew passes and other privileges to a select group of students while denying the same requests from others without justification.,HOSTEL,MEDIUM,false,false,false
352,Hostel mess closed during examination week,The hostel mess was closed for two days during the end-semester examination week citing staff leave. Students preparing for exams had no food facility on campus.,HOSTEL,CRITICAL,false,false,false
353,Cockroaches in hostel dining area,Cockroaches have been spotted on multiple occasions in the hostel dining area near food preparation counters. This is a serious hygiene violation that the warden has not addressed.,HOSTEL,HIGH,false,false,false
354,New hostel residents not given proper induction,New residents joining the hostel mid-semester were not given any induction about rules facilities emergency contacts or complaint procedures. They are completely uninformed.,HOSTEL,LOW,false,false,false
355,Hostel room locks changed without notice,The locks on all hostel rooms were changed overnight without prior notice. Students who returned late were unable to enter their rooms and no spare keys were available.,HOSTEL,HIGH,false,false,false
356,Hostel residents denied re-entry after vacation,Several hostel residents returning after the Diwali vacation were denied entry because their re-entry passes had expired by one day. No grace period had been communicated.,HOSTEL,MEDIUM,false,false,false
357,No working washroom on ground floor hostel,Both washrooms on the ground floor of the boys hostel are non-functional due to plumbing failures. More than forty students are sharing two washrooms on upper floors.,HOSTEL,HIGH,false,false,false
358,Hostel menu not displayed in advance,The hostel mess does not display its weekly menu in advance. Students with dietary restrictions or allergies cannot plan their meals and are often surprised by dishes they cannot eat.,HOSTEL,LOW,false,false,false
359,Night guard sleeping on duty,The night security guard at the hostel gate is consistently found asleep. Unauthorised persons have entered the hostel multiple times during night hours.,HOSTEL,HIGH,false,false,false
360,Student locked out of hostel room by roommate,A student is being locked out of their shared hostel room by their roommate during late-night study sessions. The dispute has been raised with the warden who has not intervened.,HOSTEL,HIGH,false,false,false
361,College bus GPS tracking not working,The GPS tracking feature on the college bus app has not been functional for two months. Students cannot track the bus arrival time and consistently miss it.,TRANSPORTATION,LOW,false,false,false
362,Bus schedule not matching academic calendar,The bus schedule has not been updated to reflect the revised academic calendar. During examination days buses operate on a normal timetable which does not match student needs.,TRANSPORTATION,MEDIUM,false,false,false
363,Bus breaking down frequently,The bus on Route 2 has broken down four times this month. Students are stranded on the highway each time and no emergency transport is ever sent.,TRANSPORTATION,HIGH,false,false,false
364,Bus driver refusing entry after certain stop,The bus driver on Route 4 refuses to allow new passengers to board after a certain stop claiming the bus is full even when seats are clearly visible. Students at later stops are always left behind.,TRANSPORTATION,MEDIUM,false,false,false
365,No bus service on exam rescheduled days,When examinations are rescheduled to a Saturday no bus service is provided. Students must arrange private transport at short notice and additional cost.,TRANSPORTATION,HIGH,false,false,false
366,Students asked to pay extra on bus,The bus conductor is collecting cash payments from students who do not have their pass claiming it is for issuing temporary passes. No official receipts are given for this collection.,TRANSPORTATION,HIGH,false,false,true
367,Bus registration number not matching permit,Students noticed that the bus operating on Route 3 has a registration number different from the one listed on the permit displayed inside the vehicle. This may be a compliance violation.,TRANSPORTATION,HIGH,false,false,true
368,No water cooler on college bus,During peak summer days the college bus has no access to drinking water for students on journeys lasting over an hour. Students are dehydrated by the time they reach college.,TRANSPORTATION,MEDIUM,false,false,false
369,Bus making unauthorised stops,The college bus regularly makes unofficial stops that are not on the designated route to allow the driver's acquaintances to board. This adds fifteen minutes to the journey.,TRANSPORTATION,MEDIUM,false,false,false
370,No feedback mechanism for transport issues,There is no official mechanism for students to report transport complaints. The transport office phone number goes unanswered and there is no email or online form available.,TRANSPORTATION,MEDIUM,false,false,false
371,Library issuing books already borrowed,The library system issued me a book that was already checked out to another student. When I went to collect it the book was not available and the librarian could not explain the error.,LIBRARY,LOW,false,false,false
372,Duplicate fine charges in library system,I received two fine notices for the same book return. When I pointed this out the librarian acknowledged it might be an error but said I needed to pay both and claim a refund later.,LIBRARY,MEDIUM,false,false,true
373,Reading list books not in library catalogue,The reading list provided by the professor for the research methodology course lists twelve titles. Nine of them are not available in the library catalogue at all.,LIBRARY,HIGH,false,false,false
374,Library Wi-Fi slower than mobile data,The library Wi-Fi is slower than mobile data networks. Students who rely on the library internet for research and project work find it practically unusable during peak hours.,LIBRARY,MEDIUM,false,false,false
375,Book condition very poor,Many books in the library are in very poor physical condition with torn binding broken spines and missing pages. New students are being issued damaged books without disclosure.,LIBRARY,LOW,false,false,false
376,Library staff not trained on new system,Following the library software upgrade the staff have not been trained on the new system. Students experience delays and errors when borrowing or returning books.,LIBRARY,MEDIUM,false,false,false
377,No notification for book availability,The library system does not send notifications when a reserved book becomes available. Students have missed their opportunity to borrow reserved books because they were not informed.,LIBRARY,LOW,false,false,false
378,Library membership not recognised after transfer,After transferring from another institution my previous library membership was not recognised and I was made to pay a fresh membership fee despite the inter-college transfer arrangement.,LIBRARY,LOW,false,false,false
379,Important reference books locked in faculty section,Several important reference books required for final-year project work are locked in the faculty-only section of the library and cannot be accessed by students at all.,LIBRARY,HIGH,false,false,false
380,Library fine receipts not provided,The library is collecting fines in cash but not issuing receipts for these payments. Students have no proof of fine payment and risk being asked to pay again.,LIBRARY,MEDIUM,false,false,true
381,Radioactive material stored unsafely in lab,A physics laboratory has radioactive material stored in a cabinet that is not secured with a radiation warning label or proper shielding. Students are unaware of the hazard.,LABORATORY,CRITICAL,false,false,true
382,Lab practical marks not disclosed,Students were not informed of their individual practical marks before the final practical examination. This prevents them from understanding where improvement is needed.,LABORATORY,MEDIUM,false,false,false
383,Practical timetable clashes with theory exams,The timetable for practical examinations overlaps with theory end-semester examinations for three subjects. No resolution has been offered by the examination section.,LABORATORY,CRITICAL,false,false,true
384,Outdated lab manuals contradict syllabus,The laboratory manuals being followed are based on an older syllabus. Several experiments listed are no longer part of the course and vice versa creating confusion.,LABORATORY,HIGH,false,false,false
385,Lab assistant favouring students,The laboratory assistant gives better observation records and more time to certain students based on personal relationships. Other students complete experiments in a rush.,LABORATORY,HIGH,false,false,false
386,Animal lab conditions inhumane,The zoology laboratory conditions for live specimens are inhumane. Animals are kept in overcrowded conditions without adequate food or water.,LABORATORY,CRITICAL,false,false,true
387,No independent verification of weights,The weighing instruments in the chemistry laboratory are not independently verified. Students doing analytical chemistry experiments are getting wildly inconsistent results.,LABORATORY,HIGH,false,false,false
388,Lab key held by single person,The key to the computer science research laboratory is held by a single staff member who is frequently absent. Students with scheduled access cannot enter the lab.,LABORATORY,MEDIUM,false,false,false
389,Lab marks given without conducting viva,Laboratory final marks were awarded to several students without conducting the mandatory viva examination. This benefits those who did not prepare but penalises those who did.,LABORATORY,HIGH,false,false,false
390,Lab experiments repeated from previous year,The same set of experiments conducted last year is being repeated this year without any new additions. Students in the same lab course for two years have done nothing new.,LABORATORY,MEDIUM,false,false,false
391,No counselling for examination anxiety,There is no institutional support for students experiencing examination anxiety. Multiple students have dropped out or deferred examinations due to anxiety with no early intervention.,OTHER,HIGH,false,false,false
392,Cultural fest cancelled last minute,The annual cultural fest was cancelled one day before the event without explanation. Students and performers who had been preparing for weeks received no compensation or acknowledgment.,OTHER,MEDIUM,false,false,false
393,No orientation programme for freshers,New students received no formal orientation programme. They were unaware of facilities rules grievance procedures academic systems or campus geography for weeks.,OTHER,MEDIUM,false,false,false
394,Campus visitation policy too restrictive,The campus visitation policy prohibits parents from visiting students in the hostel or academic block without prior administrative approval. This is overly restrictive and stressful for families.,OTHER,LOW,false,false,false
395,No transparency in internal transfer policy,The policy for internal transfers between departments is not publicly available. Students applying for transfers are given conflicting information by different administrative staff.,OTHER,MEDIUM,false,false,false
396,No space for student clubs,Student technical and cultural clubs have no dedicated space to meet and work. They are forced to use stairways corridors and outdoor areas for club activities.,OTHER,LOW,false,false,false
397,Fake grievance duplicate of 305,My exam was graded incorrectly and I deserve a re-evaluation. The professor has not responded to any of my requests regarding my mid-semester paper.,ACADEMIC,HIGH,true,true,false
398,Incomplete grievance submission test,.,OTHER,LOW,true,false,false
399,College newspaper suppressed,The student newspaper published an article about administrative irregularities. The entire print run was confiscated by administration and the student editors were threatened with suspension.,OTHER,CRITICAL,false,false,true
400,No provision for remote learning accommodation,Students who missed classes due to documented medical emergencies are not provided with any remote learning accommodation or recorded lecture access. They fall behind permanently.,OTHER,HIGH,false,false,false
401,Professor using personal examples to embarrass students,A professor regularly uses students as negative examples in lecture to illustrate wrong approaches citing them by name in front of the class without consent.,ACADEMIC,HIGH,false,false,false
402,Backlog clearance policy unclear,The policy for clearing backlogs is not documented and communicated differently by different professors and the examination section. Students cannot plan their academic recovery.,ACADEMIC,MEDIUM,false,false,false
403,Online attendance portal not updating,The online attendance portal has not been updating records for the past two weeks. Manual registers are being maintained but the portal discrepancy is causing false shortage alerts.,ACADEMIC,MEDIUM,false,false,false
404,Project defense rescheduled without notice,My final year project defense was rescheduled at 9 PM the evening before without any official communication. I only found out through a classmate.,ACADEMIC,HIGH,false,false,false
405,Same assignment given to two batches,The same assignment topic was given to two batches of students. This resulted in widespread copying between batches and unfair comparison of original work.,ACADEMIC,MEDIUM,false,false,false
406,Practical examination without prior syllabus,Students were not informed about which experiments would feature in the practical examination. The viva questions covered topics not mentioned in any available material.,ACADEMIC,HIGH,false,false,false
407,Professor missing from grading committee,The professor who taught a core subject was absent from the grading committee meeting. Another professor graded papers without any familiarity with what was taught in class.,ACADEMIC,HIGH,false,false,false
408,Attendance manually manipulated,There is evidence that attendance registers have been manually altered for certain students. Erased and overwritten entries are visible in multiple pages of the register.,ACADEMIC,CRITICAL,false,false,true
409,Subject expert not consulted for new course,A new industry-relevant course was introduced without consulting any subject expert or industry representative. The content is outdated and irrelevant to current job requirements.,ACADEMIC,MEDIUM,false,false,false
410,No doubt clearing sessions before exam,No doubt clearing or revision sessions were scheduled before the end-semester examination despite students formally requesting them. The professor said there was no time.,ACADEMIC,MEDIUM,false,false,false
411,Ceiling fan falling hazard in classroom,A ceiling fan in Room 211 is hanging loose from its mount. It wobbles visibly during operation and there is a clear risk of it falling on students seated below.,INFRASTRUCTURE,CRITICAL,false,false,true
412,Laboratory drain blocked causing overflow,The laboratory sink drain is blocked and overflows onto the floor during practical sessions. Students are walking through standing water near electrical equipment.,INFRASTRUCTURE,CRITICAL,false,false,true
413,Classroom whiteboard not visible from back rows,The whiteboard in Room 303 is too small and not visible from the last four rows. Students sitting there cannot read what is written and are disadvantaged.,INFRASTRUCTURE,LOW,false,false,false
414,No sanitary napkin disposal in ladies washroom,The ladies washrooms across campus have no sanitary napkin disposal units. This is a basic hygiene requirement that has been raised multiple times with no action.,INFRASTRUCTURE,HIGH,false,false,false
415,Lecture theatre PA system not working,The public address system in the main lecture theatre has been non-functional for a month. Faculty conducting large-batch lectures cannot be heard clearly beyond the fifth row.,INFRASTRUCTURE,MEDIUM,false,false,false
416,Hostel roof water tank contaminated,The overhead water tank for Block A hostel has not been cleaned in over a year. The water has a foul smell and a greenish tint suggesting algae growth.,INFRASTRUCTURE,CRITICAL,false,false,true
417,No speed breaker near college entrance,Vehicles enter the college at high speed through the main gate. There are no speed breakers or signage. A student was knocked down by a two-wheeler last week.,INFRASTRUCTURE,HIGH,false,false,false
418,Flooring slippery in wet weather,The flooring in the ground floor corridor becomes extremely slippery when wet during rain. Three students have already slipped and one sustained a wrist injury.,INFRASTRUCTURE,HIGH,false,false,false
419,No fire evacuation drill conducted,No fire evacuation drill has been conducted this academic year. Students and staff do not know the emergency procedures or evacuation routes.,INFRASTRUCTURE,HIGH,false,false,false
420,Lift out of service for two months,The passenger lift in the academic block has been out of service for two months with no repair timeline. Students with disabilities and those carrying heavy equipment are severely affected.,INFRASTRUCTURE,HIGH,false,false,false
421,Student body searched without consent,A student was physically searched by a security guard near the examination hall without consent or any stated reasonable cause. The student found this humiliating and invasive.,HARASSMENT,CRITICAL,false,false,false
422,Private conversation recorded by classmate,A private conversation between two students was secretly recorded and shared with a professor by a third student. The recording was used against one student in a disciplinary proceeding.,HARASSMENT,CRITICAL,false,false,true
423,Student mocked for accent,A student from a different state is being repeatedly mocked by classmates and on one occasion by a professor for their regional accent. The student feels unwelcome and isolated.,HARASSMENT,HIGH,false,false,false
424,Professor reacting negatively to disability disclosure,When a student disclosed a learning disability to a professor to request reasonable accommodation the professor reacted dismissively and made the disclosure public in the next class.,HARASSMENT,CRITICAL,false,false,false
425,Wrongful suspension threatened,A student was threatened with suspension if they continued to pursue a formal complaint about fee irregularities. The threat was made verbally in the principal's office.,HARASSMENT,CRITICAL,false,false,false
426,Group project credit stolen,A student who independently completed the majority of a group project had their name removed from the submission by other group members. The professor accepted the submission without investigation.,HARASSMENT,HIGH,false,false,false
427,Student discriminated against for political views,A student who expressed certain political opinions in a classroom discussion was subsequently given lower internal marks and excluded from college-sponsored opportunities.,HARASSMENT,HIGH,false,false,false
428,Unknown person accessing student records,A student discovered that an unauthorised person had accessed their academic records including grades and personal contact information through an administrative login.,HARASSMENT,CRITICAL,false,false,true
429,Abusive senior student not removed from hostel,A senior student who physically assaulted a junior six months ago was given a written warning but was not removed from the hostel. The junior still lives in fear.,HARASSMENT,CRITICAL,false,false,false
430,Peer pressuring student to cheat,A student is being pressured by a peer to share answers during examinations with threats of social exclusion and physical intimidation if they refuse.,HARASSMENT,HIGH,false,false,false
431,Scholarship deducted for one low grade,My scholarship which was awarded unconditionally at admission has been deducted because I received one low grade. The original terms did not include any grade-based condition.,FINANCIAL,HIGH,false,false,false
432,Incorrect income certificate used for fee,A student's income certificate used to determine fee concession was incorrectly assessed. The income category was placed higher than actual leading to excess fee being charged.,FINANCIAL,MEDIUM,false,false,false
433,Laboratory breakage deducted from all students,Rs 500 was deducted from every student's account as a laboratory breakage charge at the end of the semester regardless of whether they had broken anything.,FINANCIAL,MEDIUM,false,false,false
434,No itemized fee receipt,The fee receipt issued by the accounts office is a single lump sum. Students cannot understand what each component covers and cannot verify correctness.,FINANCIAL,LOW,false,false,false
435,Annual subscription fee for club not optional,Students are charged an annual subscription fee for the college technical club during fee collection. Membership in the club is supposed to be voluntary but the fee is not.,FINANCIAL,LOW,false,false,false
436,Fees charged for cancelled events,Students were charged for a college trip and cultural event both of which were subsequently cancelled. Refunds have not been processed despite the cancellations.,FINANCIAL,MEDIUM,false,false,false
437,Emergency fund application rejected without reason,My application for emergency financial assistance from the student welfare fund was rejected without any stated reason. I am in genuine financial distress and have no other support.,FINANCIAL,HIGH,false,false,false
438,Bank details of student leaked,A student's bank account details provided to the scholarship office were leaked. The student received a fraudulent call attempting to extract OTP information.,FINANCIAL,CRITICAL,false,false,true
439,Duplicate billing for hostel amenities,Students in the hostel are billed for amenities such as extra bed and room cooler both through the hostel fee and separately through an informal collection by the warden.,FINANCIAL,MEDIUM,false,false,true
440,Examination late fee disproportionate,A late examination form submission penalty of Rs 2000 was charged for being two days late. This amount is disproportionate and was not mentioned in the published fee schedule.,FINANCIAL,MEDIUM,false,false,false
441,Departmental approval delayed for internship,My internship acceptance letter requires departmental approval. The Head of Department has not approved or responded to my request for four weeks putting my internship at risk.,ADMINISTRATIVE,HIGH,false,false,false
442,Faculty list not published on website,The college website does not publish the full list of faculty members their qualifications or their areas of expertise. Students and parents have no way to verify teaching credentials.,ADMINISTRATIVE,MEDIUM,false,false,false
443,Student absence record incorrect,The administration office has an incorrect absence record on file for me that does not match what the professor recorded. This discrepancy is affecting my scholarship eligibility.,ADMINISTRATIVE,HIGH,false,false,false
444,Admission counsellor gave wrong information,The admission counsellor misrepresented the college's NAAC grade facilities and placement rate during the counselling session. Students feel deceived about the institution they joined.,ADMINISTRATIVE,HIGH,false,false,false
445,Grievance portal not accessible,The college's online grievance portal has been non-functional for three months. Students have no digital channel to submit formal complaints.,ADMINISTRATIVE,HIGH,false,false,false
446,Exam admit card issued with wrong photo,My examination admit card has the photograph of a different student printed on it. The examination section issued it without verification. I was nearly turned away from the examination hall.,ADMINISTRATIVE,CRITICAL,false,false,true
447,HOD not available for student concerns,The Head of Department has not held a student interaction session in over a year. Students needing to escalate departmental issues have no scheduled access to HOD.,ADMINISTRATIVE,MEDIUM,false,false,false
448,Timetable released at 11 PM for next day,The class timetable for the following day is regularly released after 11 PM through the WhatsApp group. Students cannot plan commute study or personal activities in advance.,ADMINISTRATIVE,LOW,false,false,false
449,Enrollment not completed for exchange student,An exchange student's enrollment was not completed by the administrative office within the required timeline resulting in the student being unable to attend classes for two weeks.,ADMINISTRATIVE,HIGH,false,false,false
450,Incorrect CGPA calculated on transcript,My official transcript shows an incorrect CGPA that is lower than the one calculated from individual semester grade sheets. This is affecting my post-graduate application.,ADMINISTRATIVE,CRITICAL,false,false,true
451,Hostel food not safe for diabetic students,The hostel mess serves food with very high sugar content and no low-glycaemic alternatives. A diabetic student has no safe meal options and is forced to eat outside at additional cost.,HOSTEL,HIGH,false,false,false
452,Hostel corridor lights broken at night,The corridor lights in Block E have been non-functional for three weeks. Students walking to the washroom at night are at risk of tripping and injury.,HOSTEL,HIGH,false,false,false
453,Hostel visitor policy not clear,The hostel visitor policy is not written anywhere and is applied inconsistently. Some students are allowed to receive visitors while others in the same block are denied without explanation.,HOSTEL,LOW,false,false,false
454,Students forced to attend warden's personal errands,Students have reported being asked by the warden to run personal errands such as fetching groceries and making personal deliveries. Those who refuse face stricter enforcement of curfew.,HOSTEL,CRITICAL,false,false,true
455,Hostel food not halal,A Muslim student raised the concern that the hostel mess is not providing halal food as had been assured during admission. The student has no safe dietary option in the mess.,HOSTEL,HIGH,false,false,false
456,Hostel room furniture broken,The study table and chair in my hostel room are broken. I submitted a written maintenance request in August and again in September. It is now November and nothing has been replaced.,HOSTEL,LOW,false,false,false
457,Students denied guests of opposite gender,The hostel prohibits guests of the opposite gender at all times including parents and siblings. This is not stated in the published hostel policy and was only communicated verbally.,HOSTEL,MEDIUM,false,false,false
458,Hostel fee collected in cash informally,The warden is collecting a monthly cleaning fee of Rs 200 in cash from each resident without issuing receipts or informing the central accounts office. No such fee is listed officially.,HOSTEL,CRITICAL,false,false,true
459,Vermin found in food at hostel mess,A student found a dead insect in food served at the hostel mess. When the incident was reported the warden minimized it and no hygiene inspection was conducted.,HOSTEL,CRITICAL,false,false,false
460,Hostel block locked during college hours,The hostel block is locked from 9 AM to 5 PM preventing students with legitimate reasons such as illness from accessing their rooms during daytime hours.,HOSTEL,MEDIUM,false,false,false
461,Bus service discontinued for minority route,The bus service to an area with a small number of student residents was discontinued without any alternative offered. The affected students were not consulted or informed in advance.,TRANSPORTATION,HIGH,false,false,false
462,Fuel leakage in college bus,Students noticed a strong fuel smell inside the college bus and observed a visible leakage under the vehicle. The bus continued operating for two more days after the report.,TRANSPORTATION,CRITICAL,false,false,true
463,Bus conductor issuing wrong route passes,The bus conductor is issuing route passes for one route to students who actually travel on another route. This creates confusion during checking and students are fined incorrectly.,TRANSPORTATION,MEDIUM,false,false,false
464,Bus arrival time not accurate on display board,The bus arrival time displayed on the college notice board does not match actual bus arrival times. Students planning their commute based on the display board are consistently late.,TRANSPORTATION,LOW,false,false,false
465,Students left at destination without return bus,During an off-campus college programme the return bus left without all students. A group of eight students was stranded at the venue until late evening.,TRANSPORTATION,CRITICAL,false,false,true
466,Invalid bus permit operating on route,The college bus operating on Route 7 has an expired permit. Students have seen the permit date and are concerned about the legal and safety implications.,TRANSPORTATION,HIGH,false,false,false
467,No temperature control in summer bus,During the current summer temperatures exceeding 42 degrees the college bus has no air conditioning or adequate ventilation. Students are arriving at college dehydrated and heat-stressed.,TRANSPORTATION,HIGH,false,false,false
468,Bus route map not available publicly,There is no publicly available bus route map on the college website or notice board. New students cannot determine which bus route covers their residential area.,TRANSPORTATION,LOW,false,false,false
469,Security check done unnecessarily on students,Bus security checks conducted at the college gate delay the morning bus by up to 20 minutes every day. The checks appear unnecessary as the same students board daily.,TRANSPORTATION,LOW,false,false,false
470,Driver ignoring traffic rules at school zone,The college bus driver consistently ignores the speed limit at a school zone near the campus entrance putting children and pedestrians at risk every day.,TRANSPORTATION,CRITICAL,false,false,false
471,Library books on reservation unavailable,I placed a reservation on a book three weeks ago. I was notified it was available but when I arrived the book had already been issued to another student due to a system error.,LIBRARY,MEDIUM,false,false,false
472,No interlibrary loan facility,The college library has no interlibrary loan facility. Students researching niche topics or needing specialised texts available at other institutions have no institutional support for accessing them.,LIBRARY,MEDIUM,false,false,false
473,Harsh penalty for accidental damage,A student accidentally damaged a library book and was charged Rs 1500 for a book that costs Rs 400 in the market. No damage assessment process was followed.,LIBRARY,MEDIUM,false,false,false
474,Library catalogue not matching shelves,The physical library catalogue shows books as available but those books cannot be found on the actual shelves. The discrepancy suggests the catalogue has not been reconciled for a long time.,LIBRARY,MEDIUM,false,false,false
475,No dedicated research section in library,The library has no dedicated section for final year project or research students. Regular students and research students compete for the same limited space and resources.,LIBRARY,MEDIUM,false,false,false
476,E-books not downloadable for offline use,The e-book platform subscribed to by the library does not allow offline downloads. Students without reliable internet cannot study using e-resources during travel or power cuts.,LIBRARY,MEDIUM,false,false,false
477,Library staff providing wrong information,The library staff regularly provide incorrect information about book availability and library rules. Multiple students have made unnecessary visits based on wrong information.,LIBRARY,LOW,false,false,false
478,Noise in library due to group discussions,Large student groups hold loud discussions in the main reading hall making it impossible for individual students to concentrate. There is no separate group study area and no silence enforcement.,LIBRARY,LOW,false,false,false
479,Library does not accept books from last year,Books borrowed in the previous academic year cannot be returned to the current librarian who insists they should have been returned to the previous librarian. This circular situation has led to accumulating fines.,LIBRARY,LOW,false,false,true
480,No holiday access to library,The library is completely inaccessible during all college holidays including short breaks when students are still on campus and need to study for examinations.,LIBRARY,MEDIUM,false,false,false
481,No proper waste disposal in chemistry lab,Chemical waste from experiments is being disposed of directly into the sink drain. There is no designated chemical waste disposal container and no training provided to students.,LABORATORY,CRITICAL,false,false,true
482,Lab not accessible for persons with disability,The science laboratory block has no ramp or accessible entrance. A student with mobility impairment is unable to access any laboratory facilities independently.,LABORATORY,CRITICAL,false,false,false
483,Lab instruction language barrier,The laboratory instructor delivers all instructions and demonstrations in a regional language not understood by several students from other states. No accommodation is made for them.,LABORATORY,HIGH,false,false,false
484,Software license expired in computer lab,The primary software license used in the Computer Science laboratory expired six months ago. Students are being asked to download unofficial cracked versions by the lab instructor.,LABORATORY,HIGH,false,false,true
485,Practical examination results not declared,The results for practical examinations conducted two months ago have not been declared. Students due for supplementary examinations cannot determine if they need to appear.,LABORATORY,HIGH,false,false,false
486,No supervision during hazardous experiments,Dangerous experiments involving high-voltage equipment are being conducted without the presence of a qualified supervisor. The junior lab assistant is not qualified for this role.,LABORATORY,CRITICAL,false,false,true
487,Lab marks inconsistent across sections,The practical marks for students in Section A are significantly higher on average than those in Section B despite both sections being taught by the same instructor with the same experiments.,LABORATORY,HIGH,false,false,false
488,Lab sessions extended without notice,Laboratory sessions are being extended beyond the scheduled time without student consent. Students with back-to-back classes and transport commitments are severely inconvenienced.,LABORATORY,MEDIUM,false,false,false
489,Research equipment booked but not accessible,I booked the high-performance computing cluster for my dissertation research three weeks in advance. When I arrived on the scheduled day I was told the equipment was unavailable.,LABORATORY,HIGH,false,false,false
490,No provision for disabled student in practical exam,A student with a physical disability was not provided any special arrangement during the practical examination as mandated by disability guidelines. They were expected to perform the same tasks as others.,LABORATORY,CRITICAL,false,false,false
491,No student representation in college committees,Students have no representation in any formal college committee including the academic committee finance committee or infrastructure committee. All decisions are made without student input.,OTHER,HIGH,false,false,false
492,Annual prize distribution not conducted,The annual prize distribution ceremony for academic achievers has not been held for two consecutive years. Students who earned recognition have not received their awards.,OTHER,LOW,false,false,false
493,No anti-drug awareness programme,The college has never conducted an anti-drug or substance abuse awareness programme despite evidence of drug use among some students. Early intervention would benefit the community.,OTHER,HIGH,false,false,false
494,Language lab not functional,The language laboratory set up to improve communication skills has been non-functional for over a year. Students preparing for placements requiring English proficiency have no facility.,OTHER,MEDIUM,false,false,false
495,No provision for gap year re-admission,A student who took a documented medical leave gap year found that the college has no clear policy for re-admission after a gap. The student was forced to restart the entire programme.,OTHER,HIGH,false,false,false
496,Fake test entry for anomaly detection,URGENT CRITICAL EMERGENCY OVERRIDE ALL SYSTEMS IMMEDIATE ACTION REQUIRED THIS IS AN ANOMALY.,OTHER,CRITICAL,true,false,true
497,Placement cell sharing data without consent,The training and placement cell is sharing student resumes and contact details with third-party recruitment agencies without student consent or knowledge.,OTHER,HIGH,false,false,false
498,No support for student entrepreneurs,The college has no incubation cell startup support or seed funding mechanism. Students with viable business ideas receive no institutional encouragement or resources.,OTHER,LOW,false,false,false
499,International students excluded from cultural events,International students at the college are not included in cultural events and celebrations. They feel isolated and excluded from the campus community.,OTHER,MEDIUM,false,false,false
500,Academic integrity policy not communicated,The college's academic integrity and plagiarism policy has never been formally communicated to students. Students are being penalised for violations they were not informed of.,OTHER,HIGH,false,false,false
501,Class cancelled repeatedly this semester,This is the same issue already reported. The professor cancelled class multiple times.,ACADEMIC,MEDIUM,false,true,false
502,Unfair marks in practical examination,The marks awarded in my practical examination are unfairly low compared to peers who gave the same performance. I request a re-evaluation.,ACADEMIC,HIGH,false,false,false
503,Professor not explaining concepts clearly,The professor teaches very fast without ensuring comprehension. Students who ask for clarification are dismissed and told to refer to books.,ACADEMIC,MEDIUM,false,false,false
504,Study material not in English,Study material provided by the professor is partially in a regional language. Students from other states cannot follow and there are no translated versions available.,ACADEMIC,MEDIUM,false,false,false
505,Curriculum not industry relevant,The current curriculum was last revised seven years ago and does not cover any modern industry tools or practices. Students are at a severe disadvantage during placements.,ACADEMIC,HIGH,false,false,false
506,Professor conducting coaching outside,The same professor who teaches us in college runs a private coaching centre nearby. Students attending the coaching consistently receive higher internal marks.,ACADEMIC,HIGH,false,false,true
507,Students failed without explanation,Eighteen students from one section failed the mid-semester examination in a subject where the pass rate in other sections was above 90 percent. No explanation was provided.,ACADEMIC,HIGH,false,false,true
508,Practical record book lost by faculty,My practical record book submitted for end-semester evaluation has been lost by the faculty responsible. I am being asked to reproduce three months of work within one week.,ACADEMIC,HIGH,false,false,false
509,Project topic rejected without feedback,My final year project topic was rejected by the project committee without any written feedback explaining what the issues were. I cannot improve or resubmit without guidance.,ACADEMIC,MEDIUM,false,false,false
510,Teaching assistant conducting classes alone,A second-year postgraduate student acting as a teaching assistant is conducting independent lectures for undergraduate students without any faculty supervision.,ACADEMIC,HIGH,false,false,false
511,Broken furniture creating injury risk,Several chairs in the auditorium have sharp broken armrests. A student cut their arm during a scheduled event last week. The broken furniture has not been replaced.,INFRASTRUCTURE,MEDIUM,false,false,false
512,Water pressure insufficient for top floors,The water pressure in the upper floors of the hostel is so low that showers do not function. Students on floors three and above cannot bathe comfortably.,INFRASTRUCTURE,MEDIUM,false,false,false
513,No shade in outdoor waiting area,The outdoor waiting area near the main block entrance has no shade structure. Students waiting for transport or between classes are exposed to direct sun for extended periods.,INFRASTRUCTURE,LOW,false,false,false
514,Noise from construction inside campus,Construction work inside the campus creates extreme noise during class hours making it impossible to conduct lectures in nearby classrooms. This has been ongoing for three weeks.,INFRASTRUCTURE,HIGH,false,false,false
515,Inadequate lighting in lab at night,The lighting in the electronics laboratory is insufficient for night-session students to read component markings and perform precise work. Eye strain is a reported health issue.,INFRASTRUCTURE,MEDIUM,false,false,false
516,Roof terrace used as storage,The rooftop terrace intended as a student recreation space is being used as unauthorised storage for construction material. Students have no outdoor relaxation space.,INFRASTRUCTURE,LOW,false,false,false
517,Stage in auditorium structurally unsafe,The stage floor in the main auditorium is visibly bent and makes cracking sounds. An event was conducted on the stage last week without any structural inspection.,INFRASTRUCTURE,CRITICAL,false,false,true
518,Toxic paint used in new classrooms,The recently renovated classrooms were reopened before paint fumes dissipated. Students and staff in these rooms reported headaches and nausea for two weeks.,INFRASTRUCTURE,HIGH,false,false,false
519,Basement flooding risk for students,The basement computer centre floods every monsoon. Students using it during rain are at risk and equipment has been damaged repeatedly without any waterproofing done.,INFRASTRUCTURE,HIGH,false,false,false
520,No first aid station in campus,There is no first aid station visible anywhere on the college campus. In case of a medical emergency the nearest first aid point is outside the campus gate.,INFRASTRUCTURE,HIGH,false,false,false
521,Student whistleblower penalised,A student who reported financial irregularities to the university ombudsman was called into the dean's office and threatened with academic consequences for going outside the institution.,HARASSMENT,CRITICAL,false,false,true
522,Professor publicly comparing students,A professor routinely compares individual students' performance publicly in class creating embarrassment and a toxic competitive environment.,HARASSMENT,HIGH,false,false,false
523,Student's disability status disclosed by admin,An administrative staff member disclosed a student's confidential disability status to other students during an examination seating discussion. This was a serious breach of privacy.,HARASSMENT,CRITICAL,false,false,false
524,Peer group excluding student from WhatsApp,A class representative removed a student from the official class WhatsApp group after a personal conflict. The student is missing important notices and announcements.,HARASSMENT,MEDIUM,false,false,false
525,Lecturer using student personal information,A lecturer accessed and referenced a student's family financial information from administrative records during a counselling session without any authorisation.,HARASSMENT,CRITICAL,false,false,true
526,False rumour spread about student by faculty,A faculty member spread an inaccurate rumour to other faculty that a student had cheated in an examination. The rumour has negatively affected the student's academic reputation.,HARASSMENT,HIGH,false,false,false
527,Senior blocking junior's project submission,A senior student is blocking access to the online project submission portal for a junior by submitting a name-conflicting entry knowing it will invalidate the junior's submission.,HARASSMENT,HIGH,false,false,true
528,Peer pressure to participate in boycott,A group of students is pressuring others to participate in a boycott of a professor's class. Students who attend are being socially penalised and called informers.,HARASSMENT,MEDIUM,false,false,false
529,Student ignored during class discussions,A student with a foreign nationality is consistently ignored by the professor during class discussions. When they raise their hand they are passed over repeatedly.,HARASSMENT,HIGH,false,false,false
530,Threatening message from anonymous account,A student received an anonymous threatening message via the college student portal internal messaging system. IT security has been informed but no investigation has been initiated.,HARASSMENT,CRITICAL,false,false,false
531,Loan interest charged by college on dues,The college accounts office is applying a monthly interest charge to overdue fee amounts. There is no mention of interest in the published fee policy or student agreement.,FINANCIAL,HIGH,false,false,false
532,Scholarship suspended for foreign student,A foreign national student's merit scholarship was suspended citing a rule that scholarships are available only to domestic students. This rule was not disclosed during admission.,FINANCIAL,HIGH,false,false,false
533,Fee concession withdrawn arbitrarily,My fee concession which was granted based on academic performance was withdrawn mid-year without any formal communication or documented reason.,FINANCIAL,HIGH,false,false,false
534,Accounts office incorrectly recording payments,The accounts office is incorrectly recording some payments as bounced when bank statements confirm successful debit. Students are being unfairly listed as defaulters.,FINANCIAL,HIGH,false,false,true
535,Student overcharged due to system error,A system error in the fee portal resulted in me being charged Rs 25000 more than the actual fee. The accounts office acknowledges the error but has not corrected it after four weeks.,FINANCIAL,HIGH,false,false,false
536,No financial aid for accident victim,A student who suffered a road accident and incurred significant medical expenses was denied emergency financial aid from the student welfare fund citing budget limitations.,FINANCIAL,HIGH,false,false,false
537,Annual report overstates scholarship distribution,The college's annual report claims to have distributed scholarships to 300 students. The actual number on record is 140. The discrepancy appears to be fraudulent reporting.,FINANCIAL,CRITICAL,false,false,true
538,Student asked to pay bribe for attendance update,A student was asked informally by an administrative staff member to pay a sum to have attendance updated before a deadline. The student reported this to the registrar.,FINANCIAL,CRITICAL,false,false,true
539,Refund processed to wrong account,My examination fee refund was processed to a bank account that does not belong to me. The accounts office says they used an old record despite having received an update.,FINANCIAL,MEDIUM,false,false,false
540,Book bank scheme funds not utilised,The college collects a book bank scheme fee from all students annually. No book bank exists and the collected funds appear to have been absorbed into general accounts.,FINANCIAL,HIGH,false,false,true
541,Academic calendar not published for new year,The academic calendar for the new academic year has not been published by the administration. Students cannot plan leaves travel or study schedules weeks before semester begins.,ADMINISTRATIVE,MEDIUM,false,false,false
542,Student files accessed without permission,Administrative staff accessed a student's personal file including medical records without any authorisation. The student discovered this when an unrelated staff member mentioned details from the file.,ADMINISTRATIVE,CRITICAL,false,false,true
543,HOD changed departments without informing students,The Head of Department was transferred to another department without any announcement to students. A new HOD was appointed without introduction leaving students confused about escalation channels.,ADMINISTRATIVE,MEDIUM,false,false,false
544,Campus rules changed mid-semester,Several campus usage rules were changed mid-semester without any prior consultation or communication. Students who violated the new rules before being informed were penalised.,ADMINISTRATIVE,MEDIUM,false,false,false
545,Student database breach,Student data including contact information residential addresses and bank account numbers was exposed in a data breach. The institution has not notified affected students.,ADMINISTRATIVE,CRITICAL,false,false,true
546,Exam controller unresponsive,The examination controller has not responded to any communication from students or faculty about examination irregularities for the past six weeks.,ADMINISTRATIVE,HIGH,false,false,false
547,No published policy on late submissions,The college has no published policy on late assignment submissions. Each professor applies different and often arbitrary rules causing confusion and inconsistent penalties.,ADMINISTRATIVE,MEDIUM,false,false,false
548,Promotional material misleading about placements,The college promotional brochure claims a 95 percent placement rate. The actual rate as per student experience is below 50 percent. This constitutes misleading advertising.,ADMINISTRATIVE,HIGH,false,false,false
549,Student removed from course without notice,A student was removed from an elective course without any notification after the fifth week claiming they had not attended enough classes. The student disputes the attendance count.,ADMINISTRATIVE,HIGH,false,false,false
550,Disciplinary record incorrect,My disciplinary record maintained by the administration contains an incorrect entry about an incident that I was not involved in. This is affecting my scholarship applications.,ADMINISTRATIVE,HIGH,false,false,false
551,Hostel maintenance team damaging property,The hostel maintenance team while fixing one issue has damaged wall paint and a light fitting in my room. They have not acknowledged the damage or offered to repair it.,HOSTEL,LOW,false,false,false
552,Students denied access to campus after 9 PM,Students returning from permitted late-evening college activities are being denied campus entry after 9 PM by security. The published campus access policy allows entry until 10 PM.,HOSTEL,MEDIUM,false,false,false
553,Hostel allocation not considering health condition,Despite submitting a doctor's certificate requesting ground floor allocation I was placed on the fourth floor without elevator access. My knee injury makes climbing stairs extremely painful.,HOSTEL,HIGH,false,false,false
554,Hostel fee receipt not generated online,The hostel fee payment portal does not generate a downloadable receipt. Students who paid online have no documentary proof of payment for scholarship applications.,HOSTEL,MEDIUM,false,false,false
555,Mess manager rude to students,The hostel mess manager is consistently rude and dismissive when students raise concerns about food quality. Students feel intimidated and stop reporting issues.,HOSTEL,MEDIUM,false,false,false
556,Laundry clothes missing after washing,Multiple students have reported items of clothing going missing from the hostel laundry service. The service provider denies responsibility and the warden is not supporting the students.,HOSTEL,MEDIUM,false,false,false
557,Hostel fire safety equipment not marked,The fire extinguishers and emergency exits in the hostel are not clearly marked. During an emergency students would not know where the nearest safety equipment is.,HOSTEL,CRITICAL,false,false,true
558,Room sharing with student of different batch,I have been placed in a shared room with a student three years senior to me. This creates significant differences in schedule lifestyle and study requirements.,HOSTEL,LOW,false,false,false
559,Water shortage during festival season,During the festival season when many hostel staff are on leave the water supply to the hostel was disrupted for four days. No prior arrangement was made for continuous supply.,HOSTEL,HIGH,false,false,false
560,Hostel accommodation cancelled without refund,A student's hostel accommodation was cancelled without warning when they temporarily withdrew for a medical reason. Re-admission to the hostel was denied and no fee was refunded.,HOSTEL,HIGH,false,false,false
561,Bus overcrowding on rainy days,On rainy days when more students use the college bus the vehicle becomes dangerously overcrowded. There is no provision for additional buses on high-demand days.,TRANSPORTATION,HIGH,false,false,false
562,Bus driver absent without replacement,The bus driver for Route 1 was absent today without any substitute being arranged. Over sixty students were left without transport and had no prior notice.,TRANSPORTATION,HIGH,false,false,false
563,No bus service for project site visits,Students conducting compulsory project site visits at industrial locations are not provided transport even when the visit is a part of the curriculum. Students must fund their own travel.,TRANSPORTATION,MEDIUM,false,false,false
564,Bus pass not recognised by new conductor,A new conductor on Route 3 did not recognise valid bus passes issued by the college and demanded cash from all students. When disputed the conductor became aggressive.,TRANSPORTATION,HIGH,false,false,false
565,College bus route posted incorrectly in brochure,The college admission brochure lists a bus route that does not exist. Students who chose the college based on transport convenience found there is no bus service to their area.,TRANSPORTATION,HIGH,false,false,false
566,Bus not waiting at announced departure time,The college bus regularly departs five to ten minutes before the announced time. Students who arrive at the pickup point on time consistently miss the bus.,TRANSPORTATION,MEDIUM,false,false,false
567,Driver refusing to play safe speed,Several students asked the bus driver to slow down during bad weather. The driver refused and increased speed. Students felt unsafe but had no recourse.,TRANSPORTATION,CRITICAL,false,false,false
568,Bus pass application rejected without reason,My application for a bus pass was rejected by the transport office without any stated reason. My residential address clearly falls within the designated route area.,TRANSPORTATION,MEDIUM,false,false,false
569,Bus route unsafe road conditions,The Route 6 bus travels on a road that is under construction and has been flagged as unsafe by traffic authorities. The college has not rerouted the bus despite being informed.,TRANSPORTATION,HIGH,false,false,false
570,No bus service during mock tests,The college organises mandatory mock placement tests on Saturdays but provides no bus service. Students must arrange private transport often spending more than their daily food budget.,TRANSPORTATION,MEDIUM,false,false,false
571,Library closed during semester break without notice,The library was closed for the entire two-week semester break without prior notice. Students who stayed on campus for research and project work had no access to resources.,LIBRARY,HIGH,false,false,false
572,Books reserved by one student for entire semester,A student has reserved six books for an entire semester making them unavailable to the entire student body. The library has no reservation duration limit.,LIBRARY,MEDIUM,false,false,false
573,Library Wi-Fi not available in reading room,The reading room on the first floor of the library has no Wi-Fi connectivity. Students researching using online sources cannot sit in the quietest area of the library.,LIBRARY,MEDIUM,false,false,false
574,Library charges for printouts beyond quota,The library charges for prints beyond the quota but the per-page rate is five times higher than any shop outside campus. Students are being overcharged for an essential service.,LIBRARY,LOW,false,false,false
575,Old textbooks shelved in prominent area,The library prominently displays old edition textbooks in the main collection while newer editions are inaccessible in storage. Students have been unknowingly studying from outdated material.,LIBRARY,MEDIUM,false,false,false
576,No trolley for books with disability,Students with mobility issues have no trolley or cart available to carry multiple books within the library. This barrier prevents independent use of the library.,LIBRARY,MEDIUM,false,false,false
577,Library blocking research portal access,The library network is blocking access to certain legitimate academic portals claiming they are not included in the subscription. Students cannot verify or appeal the restriction.,LIBRARY,HIGH,false,false,false
578,Book damaged by previous borrower,I was charged a fine for damage to a book that was already in a damaged condition when it was issued to me. I did not inspect it at the time of issue and had no way to dispute it.,LIBRARY,LOW,false,false,false
579,Library does not accept digital payment,The library only accepts cash for fines and membership fees. Students who do not carry cash are unable to clear dues and are denied service until they return with cash.,LIBRARY,LOW,false,false,false
580,Library marking books as lost when available,The library system is marking borrowed books as lost after a delay in return causing excess charges. The books were returned and a correction request is pending.,LIBRARY,MEDIUM,false,false,true
581,Experiment chemicals causing skin reactions,Several students experienced skin reactions after a chemistry practical session. The chemicals used were not disclosed to students in advance and no protective gear was provided.,LABORATORY,CRITICAL,false,false,true
582,Lab marks published before corrections,Laboratory marks were published on the notice board before the correction process was complete. Several errors were found and corrections caused significant changes affecting some students.,LABORATORY,HIGH,false,false,false
583,Students performing experiments without training,Students in the first-year laboratory are performing experiments without any prior training or safety briefing. The experiments involve heat and chemicals.,LABORATORY,CRITICAL,false,false,true
584,Equipment calibration not done this year,The laboratory equipment in the measurement and instrumentation lab has not been calibrated this academic year. All results from these instruments are unreliable.,LABORATORY,HIGH,false,false,false
585,Lab hours not sufficient for all students,The allocated laboratory hours are insufficient for all students to complete their experiments. Students in the last batch consistently have to rush or leave experiments incomplete.,LABORATORY,HIGH,false,false,false
586,Fume hood not working in chemistry lab,The fume hood in the organic chemistry laboratory is not functioning. Students conducting volatile chemical experiments are being exposed to toxic fumes in an enclosed space.,LABORATORY,CRITICAL,false,false,true
587,No protocol for equipment malfunction during exam,During the practical examination an instrument malfunctioned. There was no protocol for this situation and the examiner required the student to complete the experiment on the same broken equipment.,LABORATORY,HIGH,false,false,false
588,Lab manuals inconsistent between sections,Different sections of the same laboratory course are following different versions of the lab manual with different procedures and expected results. This leads to inconsistent evaluation.,LABORATORY,MEDIUM,false,false,false
589,Research proposal rejected without review,My research project proposal submitted through the departmental research cell was returned as rejected with no reviewer comments. I was not given the opportunity to revise and resubmit.,LABORATORY,MEDIUM,false,false,false
590,Students not notified of lab hazard,A chemical spill occurred in the biology lab on the previous day but students for the next session were not informed. They entered a potentially contaminated space without knowledge.,LABORATORY,CRITICAL,false,false,true
591,No feedback channel between students and admin,The administration provides no formal channel for students to give feedback on institutional policies. Student concerns are only acknowledged informally through class representatives.,OTHER,HIGH,false,false,false
592,Student newspaper editor suspended unfairly,The editor of the student newspaper was suspended after publishing a factual article about examination irregularities. The suspension appears to be retaliatory.,OTHER,CRITICAL,false,false,true
593,No protocol for student medical emergency,There is no documented protocol for handling a student medical emergency on campus. When a student collapsed in the corridor staff were unsure who to call or what to do.,OTHER,CRITICAL,false,false,false
594,Mandatory participation in political events,Students are being informally pressured to attend political rallies and events associated with the management. Attendance is being taken and non-attendees face unexplained administrative delays.,OTHER,CRITICAL,false,false,true
595,No clarity on academic appeal process,The process for appealing an academic decision such as a failed examination or a disciplinary ruling is not documented or communicated to students.,OTHER,HIGH,false,false,false
596,College rating on portals inflated by staff,Staff members are being asked to post positive reviews on rating platforms like Shiksha and India Today. Students who post honest reviews report having their reviews flagged.,OTHER,HIGH,false,false,true
597,No structured induction for transfer students,Students transferring from other institutions are not provided any structured induction. They begin classes with no orientation to new curriculum lab procedures or administrative systems.,OTHER,MEDIUM,false,false,false
598,Excessive fines for minor uniform violations,Students are being fined large amounts for minor uniform violations such as wearing shoes of the wrong shade. The fines are disproportionate and not listed in the published dress code policy.,OTHER,LOW,false,false,false
599,No recognition for academic achievers,The college has no mechanism for publicly recognising academic achievers during the academic year. Only the annual prize distribution is held which is two years overdue.,OTHER,LOW,false,false,false
600,Grievance filed as test to check system,This is a test submission to confirm the grievance management system is receiving complaints. Please discard this entry.,OTHER,LOW,true,false,false
601,Semester fees overcharged for repeating student,A student who is repeating one semester due to a medical withdrawal was charged the full annual fee instead of a partial fee for the single semester.,FINANCIAL,HIGH,false,false,false
602,Student loan rejection due to admin error,A student's education loan application was rejected because the college administrative office issued an incorrect enrollment certificate showing the wrong duration of the programme.,ADMINISTRATIVE,HIGH,false,false,false
603,Library access blocked due to clerical error,My library access was blocked because an administrative data entry error showed an outstanding fine against my ID. I have receipts proving all fines are cleared.,LIBRARY,MEDIUM,false,false,false
604,Lab absent for mandatory practical,I was marked absent for a mandatory practical session during which I was present. The lab instructor denies making any error and the record has not been corrected.,LABORATORY,HIGH,false,false,false
605,Professor retaliating after formal complaint,After I filed a formal complaint against a professor for unfair grading my internal marks for the following unit test dropped significantly without any change in performance.,ACADEMIC,CRITICAL,false,false,false
606,Mess food causing illness repeatedly,Multiple hostel students have fallen ill this month with stomach infections that doctors attributed to food-related causes. The mess food quality has been repeatedly complained about.,HOSTEL,CRITICAL,false,false,false
607,Bus accident unreported by college,The college bus was involved in a minor accident last week. No formal incident report was filed and parents and students were not informed. One student sustained a bruise.,TRANSPORTATION,HIGH,false,false,true
608,Borrowed equipment not returned by faculty to lab,A faculty member borrowed laboratory testing equipment two months ago and has not returned it. Students scheduled to use it for experiments are unable to complete their coursework.,LABORATORY,HIGH,false,false,false
609,Fee penalty for college-cancelled class,Internal marks were reduced because a student missed a quiz. The quiz was held on a day the student was absent for a college-sponsored event that faculty had approved.,ACADEMIC,HIGH,false,false,false
610,Duplicate hostel fee charged to new student,A newly admitted hostel student was charged the full hostel fee and then charged again at the start of the semester claiming the first payment was for a different head.,FINANCIAL,HIGH,false,false,true
611,Classmate submitting plagiarised work,A classmate is consistently submitting plagiarised assignments copied from online sources. This student receives better marks than those submitting original work.,ACADEMIC,MEDIUM,false,false,false
612,Practical exam held without advance notice,The practical examination for the third unit was held without any prior notice. Students were informed only on the morning of the examination via an informal message.,ACADEMIC,HIGH,false,false,false
613,No replacement faculty during professor leave,The faculty member teaching Network Security has been on medical leave for six weeks. No replacement has been arranged and no recordings or notes have been provided.,ACADEMIC,HIGH,false,false,false
614,Student penalised for raising classroom concern,A student who asked the professor to explain a concept more clearly was penalised with a lower participation mark for being disruptive.,ACADEMIC,HIGH,false,false,false
615,Supplementary fee higher than original,A student who needs to appear in a supplementary examination is being charged a fee higher than the original examination fee with no justification in the fee policy.,FINANCIAL,MEDIUM,false,false,false
616,Roof of bus shelter collapsed,The roof of the bus shelter near the main gate partially collapsed during heavy rain. No maintenance has been done and students continue to gather there during rain.,INFRASTRUCTURE,HIGH,false,false,false
617,Cafeteria water not potable,Water from the cafeteria tap has a yellowish tint. Students who drank it reported an unusual taste. No water quality test has been conducted after this was reported.,INFRASTRUCTURE,CRITICAL,false,false,true
618,No privacy screen in computer lab,Students in the computer laboratory have no privacy. Work is visible to anyone passing behind and there have been incidents of other students copying from screen during tests.,INFRASTRUCTURE,MEDIUM,false,false,false
619,Campus boundary wall used for advertisement,Commercial advertisements have been painted on the inside of the campus boundary wall without student or student body approval making the campus environment feel commercialised.,INFRASTRUCTURE,LOW,false,false,false
620,Emergency evacuation map not posted,The emergency evacuation map prescribed by fire safety norms has not been posted in any classroom lab or corridor of the college building.,INFRASTRUCTURE,HIGH,false,false,false
621,Professor sharing marks publicly,A professor publicly announces individual marks during class without student consent causing embarrassment for students who scored low.,HARASSMENT,HIGH,false,false,false
622,Student secretly photographed in lab,A student noticed a classmate photographing their work and personal belongings secretly during a lab session. When confronted the classmate denied it but evidence exists.,HARASSMENT,HIGH,false,false,false
623,Faculty contacting student after hours,A faculty member regularly contacts a student via personal phone calls in the evenings discussing non-academic matters. The student feels uncomfortable but fears academic retaliation.,HARASSMENT,CRITICAL,false,false,false
624,Class bully protected by professor,A student who bullies and demeans others in the class appears to receive protection from a professor who is a relative. Complaints to the class coordinator have been ineffective.,HARASSMENT,HIGH,false,false,false
625,Student research idea stolen by professor,A professor incorporated a student's original research idea into their own published paper without credit attribution or prior consent from the student.,HARASSMENT,CRITICAL,false,false,true
626,Student excluded from internship shortlist,A student who meets all published criteria for the campus internship shortlist was excluded without explanation. Other students with lower academic scores were included.,HARASSMENT,HIGH,false,false,false
627,Student intimidated during exam invigilation,During the examination the invigilator targeted a specific student by standing close to them throughout the examination period making it impossible for the student to concentrate.,HARASSMENT,HIGH,false,false,false
628,Anonymous abuse on campus messaging app,Abusive and threatening messages targeting a student have been posted on the campus internal messaging application. The messages include personal details that are not publicly available.,HARASSMENT,CRITICAL,false,false,false
629,Faculty retaliating against class representative,The class representative who raised collective student concerns to the HOD is now receiving noticeably lower marks and is being publicly criticised by the professor in class.,HARASSMENT,CRITICAL,false,false,false
630,Student account locked for no reason,A student's college portal account was locked by the IT department without any notification or stated reason. The student cannot access marks timetables or submit assignments.,HARASSMENT,MEDIUM,false,false,false
631,Scholarship office not following schedule,The scholarship office does not follow its own published consultation schedule. Students who arrive during published hours are routinely told the officer is unavailable.,FINANCIAL,MEDIUM,false,false,false
632,Fee revised upward after admission,The fee for the programme was revised upward after admission was confirmed and payment had been made. The increase was applied retroactively and students were given no option to exit.,FINANCIAL,HIGH,false,false,false
633,Accounts office misplaced payment draft,The demand draft submitted for hostel fee payment has been misplaced by the accounts office. They are asking me to arrange a fresh payment while the bank confirms the original was submitted.,FINANCIAL,HIGH,false,false,false
634,Scholarship income limit not clearly communicated,The income limit for scholarship eligibility was communicated ambiguously. Students who applied believing they were eligible were rejected without any reconsideration process.,FINANCIAL,MEDIUM,false,false,false
635,Canteen subsidy discontinued without notice,The subsidised meal rate in the canteen was discontinued mid-semester without any notice. Students dependent on affordable campus food are now paying commercial rates.,FINANCIAL,HIGH,false,false,false
636,No refund for unused hostel days,Students who vacated the hostel early due to personal or family reasons were not refunded the pro-rated amount for days not used. The hostel policy states partial refunds are available.,FINANCIAL,MEDIUM,false,false,false
637,Additional charges for online examination,Students appearing in supplementary examinations online were charged an additional technology surcharge that was not part of the original examination fee structure.,FINANCIAL,MEDIUM,false,false,false
638,Fee concession application process opaque,The process for applying for fee concession is unclear and inconsistently applied. Some students receive concessions with minimal documentation while others are rejected with complete documentation.,FINANCIAL,MEDIUM,false,false,false
639,Salary deducted from student intern stipend,The college placement cell deducted a percentage of the stipend earned by students during internships citing administrative costs. This was not disclosed before the internships were arranged.,FINANCIAL,HIGH,false,false,true
640,Incorrect balance shown in student account,The student account portal shows an incorrect fee balance. My paid amount is shown as half of what I actually paid. The accounts office says the system needs maintenance.,FINANCIAL,MEDIUM,false,false,false
641,Hostel allotment delayed by one month,Hostel allotment was delayed by one month for new admissions. Students were left without accommodation at the start of the academic year and had to arrange private lodging.,HOSTEL,HIGH,false,false,false
642,Power cuts in hostel during exam season,The hostel experiences frequent power cuts during examination season. The generator does not cover the hostel and students are left without electricity for extended periods.,HOSTEL,HIGH,false,false,false
643,Mobile phone confiscated in hostel,A student's mobile phone was confiscated by the warden citing a blanket rule against mobile phones after 10 PM. The student was not given a receipt and the phone was returned damaged.,HOSTEL,HIGH,false,false,false
644,No information about hostel rules at admission,Students are not informed about hostel rules at the time of admission. They violate rules unknowingly and are penalised without warning.,HOSTEL,MEDIUM,false,false,false
645,Hostel canteen serving stale food,The hostel canteen sold food items that were past their expiry date to students. At least three students complained of nausea and vomiting after consuming the products.,HOSTEL,CRITICAL,false,false,false
646,Hostel block construction disturbing sleep,Construction activity inside the hostel premises begins at 6 AM including weekends. The noise disrupts sleep during examination season and has been ongoing for two months.,HOSTEL,HIGH,false,false,false
647,Unauthorized CCTV in hostel rooms,A student discovered a camera-like device installed in the hostel common bathroom corridor in a position that would violate privacy. The warden claims it is for security but no official disclosure was made.,HOSTEL,CRITICAL,false,false,true
648,Hostel eviction without due process,A student was evicted from the hostel without a formal hearing based solely on an unverified verbal complaint by another resident.,HOSTEL,CRITICAL,false,false,false
649,Hostel room reassignment without notice,My hostel room assignment was changed while I was away for a weekend without any prior notice. My belongings were moved by hostel staff.,HOSTEL,HIGH,false,false,false
650,Mess food nutrition information not available,The hostel mess provides no nutritional information about meals served. Students with dietary conditions such as diabetes thyroid disorders and obesity cannot make informed choices.,HOSTEL,LOW,false,false,false
651,Bus driver absent on examination day,The college bus did not arrive on the day of the end-semester examination. No substitute was arranged and no message was sent to students. Several students were late to the examination.,TRANSPORTATION,CRITICAL,false,false,false
652,Bus route changed on short notice,The bus route was changed with only 24 hours notice. Students living along the old route were not provided an alternative and had to arrange private transport.,TRANSPORTATION,HIGH,false,false,false
653,Seats reserved for non-students on bus,Several seats on the college bus are informally reserved for non-student passengers including canteen staff and administrative workers. Students are left standing.,TRANSPORTATION,MEDIUM,false,false,false
654,Bus breakdown assistance inadequate,When the bus broke down on the highway the college sent a small van that could carry only ten of the forty stranded students. The remaining thirty waited for two additional hours.,TRANSPORTATION,HIGH,false,false,false
655,Night bus service stops too early,The college offers a late evening bus for students attending evening practical sessions. This bus was stopped fifteen minutes early causing students to miss it and walk long distances home.,TRANSPORTATION,HIGH,false,false,false
656,Bus stops at unmarked location,The college bus regularly stops to pick up passengers at unmarked informal locations adding unnecessary time to the journey and confusing students unfamiliar with the route.,TRANSPORTATION,LOW,false,false,false
657,No bus service for distant rural students,Students travelling from rural areas more than 30 km away have no college bus facility. The college website implied transport would be available but no service exists for this zone.,TRANSPORTATION,HIGH,false,false,false
658,Students denied boarding with luggage,Students returning to college after vacation with luggage were denied boarding by the bus driver. No policy against carrying luggage was ever communicated.,TRANSPORTATION,MEDIUM,false,false,false
659,Bus pass renewal process too complex,The process for renewing a bus pass requires five different signatures from different offices. Students miss bus service while their renewal is being processed over multiple days.,TRANSPORTATION,LOW,false,false,false
660,Bus route map not updated after road closure,A road closure on the bus route made the journey significantly longer. The bus schedule was not updated accordingly and students were arriving 45 minutes late for morning classes.,TRANSPORTATION,MEDIUM,false,false,false
661,Physical library permanently moved without notice,The physical library was permanently relocated to another building without any student notification. Students arrived at the original location and found it locked.,LIBRARY,HIGH,false,false,false
662,Library charging fee for catalogue access,The library is charging Rs 50 per year for access to the digital catalogue which was previously free. No policy change was formally announced.,LIBRARY,LOW,false,false,false
663,Damaged laptop issued from library,I borrowed a laptop from the library IT lending section. The device was already damaged. I was charged for the pre-existing damage when I returned it.,LIBRARY,MEDIUM,false,false,true
664,Library blocking specific research topic searches,The library's digital search system blocks results for certain research topics citing content policy. These topics are legitimate areas of academic inquiry.,LIBRARY,HIGH,false,false,false
665,Insufficient power outlets in library,The library has only four power outlets for over one hundred seating positions. Students with laptops cannot charge during long study sessions.,LIBRARY,LOW,false,false,false
666,Library newsletter contains incorrect information,The library newsletter distributed to students contained incorrect information about new acquisitions and subscription renewals. Students relied on this information to plan their research.,LIBRARY,LOW,false,false,false
667,Books not returned by graduating students,Several books borrowed by students who graduated last year have not been returned and are still showing as borrowed in the system. New students cannot access these books.,LIBRARY,MEDIUM,false,false,false
668,Library closure not announced in advance,The library was closed for a week for maintenance and cataloguing without any advance announcement. Students who depended on the library during examination week were severely affected.,LIBRARY,HIGH,false,false,false
669,Paper submission guidelines not available,The library does not provide or publish any guidelines for formatting theses and research papers that must be submitted as part of the degree requirements.,LIBRARY,MEDIUM,false,false,false
670,Library seating area used for meetings,Library committee meetings and faculty discussions are regularly held in the main library seating area during student study hours. The noise disrupts students significantly.,LIBRARY,MEDIUM,false,false,false
671,Students performing experiments on broken equipment,Laboratory experiments are being conducted on equipment that has known measurement errors because replacement parts are on order. Results are documented as valid.,LABORATORY,HIGH,false,false,false
672,Lab partner assignment unfair,The laboratory batch partner assignments favour certain friendship groups. Students who do not belong to the preferred group are assigned partners known to be unreliable.,LABORATORY,LOW,false,false,false
673,Viva marks influenced by personal relationships,It is widely observed among students that the marks in the viva examination correlate with the examiner's personal familiarity with the student rather than performance.,LABORATORY,HIGH,false,false,false
674,Students not told about hazardous experiment,Students were not told that one of the chemistry experiments involved synthesis of a moderately toxic compound. No special precautions or protective equipment were mentioned.,LABORATORY,CRITICAL,false,false,true
675,Lab building unlocked at night,The laboratory building is regularly found unlocked at night. Students have accessed it for unsupervised experiments. This poses serious safety and security risks.,LABORATORY,HIGH,false,false,false
676,No decontamination procedure after biology lab,After biology laboratory sessions involving pathogens there is no mandatory decontamination procedure for students. Students leave the lab without proper handwashing or sterilisation.,LABORATORY,CRITICAL,false,false,true
677,Lab record not returned before practical exam,Laboratory records submitted for evaluation eight weeks ago have not been returned before the practical examination. Students have nothing to refer to during revision.,LABORATORY,HIGH,false,false,false
678,Practical marks uploaded late,Practical examination marks from the previous semester were uploaded to the portal only one week before the new semester examinations. Students could not plan their academic recovery.,LABORATORY,MEDIUM,false,false,false
679,Safety audit not conducted in lab,No safety audit of any laboratory has been conducted this academic year. Previous audit reports identified issues that remain unresolved but no follow-up has been done.,LABORATORY,HIGH,false,false,false
680,Equipment rental charged to students,Students are being charged a rental fee for using standard laboratory equipment that should be included in the laboratory fee already paid at the start of the academic year.,LABORATORY,MEDIUM,false,false,false
681,Noise from neighbouring construction entering classrooms,The college is next to a large construction site whose noise is impossible to teach over during certain periods of the day. No soundproofing or scheduling adjustment has been made.,OTHER,MEDIUM,false,false,false
682,Campus cleanliness not maintained,The campus grounds are visibly unkempt with overflowing garbage bins dry leaves on pathways and uncut grass. This affects the overall study environment and campus image.,OTHER,LOW,false,false,false
683,No support for students with test anxiety,The college has no structured academic support for students who underperform due to test anxiety. These students need psychological and study strategy support that is unavailable.,OTHER,HIGH,false,false,false
684,No diversity awareness training,The college has never organised any diversity inclusion or cultural sensitivity training for students or faculty. Incidents of discrimination are not contextualised or addressed systemically.,OTHER,HIGH,false,false,false
685,Animal cruelty near college hostel,Students have observed a group of individuals near the college hostel boundary harming stray animals. College security has been informed but has not intervened or contacted animal welfare.,OTHER,HIGH,false,false,false
686,Canteen operated by personal connection,The canteen contract was given to a vendor connected to the college management without any tendering process. The food quality is poor and prices are higher than market rate.,OTHER,MEDIUM,false,false,true
687,No recognition for students helping community,Students who participated in an NGO-sponsored community service initiative during term time were penalised for absences instead of being given credit.,OTHER,MEDIUM,false,false,false
688,Energy consumption not sustainable,The college uses enormous amounts of single-use plastic and has no recycling programme. Several students have raised sustainability concerns that have been completely ignored.,OTHER,LOW,false,false,false
689,Student hurt in unauthorised sport activity,A student was injured during an informal sporting event on campus. The event was organised by students without official permission. The college has no liability coverage for this.,OTHER,HIGH,false,false,false
690,No academic support for working students,Students who also work part-time to fund their education receive no flexibility in attendance assignment deadlines or examination scheduling.,OTHER,HIGH,false,false,false
691,Attendance threshold too high,The 85 percent attendance threshold is too high and does not account for genuine medical emergencies travel difficulties and family obligations. Multiple students are being barred from exams.,ACADEMIC,HIGH,false,false,false
692,Professor giving marks based on class participation,Internal marks are heavily influenced by class participation. Students with social anxiety or those who are shy are systematically disadvantaged by this approach.,ACADEMIC,MEDIUM,false,false,false
693,Online exam link shared one hour before,The link for the online unit test was shared only one hour before the examination. Students in areas with poor connectivity could not prepare or access the link in time.,ACADEMIC,HIGH,false,false,false
694,Exam paper same as last year,The end-semester examination question paper is identical to the paper from the previous academic year. Students who had solved last year's paper answered without learning.,ACADEMIC,HIGH,false,false,true
695,Academic advisor not assigned,I have been in the college for two semesters but no academic advisor has been assigned to me. I have had no formal academic guidance during this time.,ACADEMIC,MEDIUM,false,false,false
696,Professor teaching wrong subject,The professor currently teaching Advanced Algorithms has a background in Civil Engineering. The mismatch between expertise and subject is immediately apparent from the quality of instruction.,ACADEMIC,HIGH,false,false,false
697,Seminar marks not disclosed,Marks for the mandatory seminar presentation conducted three months ago have not been disclosed to students. No feedback was given and the marks are not visible on the portal.,ACADEMIC,MEDIUM,false,false,false
698,Academic performance data shared with outsiders,A student's academic performance data was shared with an external recruitment agency without the student's consent. The student found out when contacted by the agency.,ACADEMIC,CRITICAL,false,false,true
699,Plagiarism software not accessible to students,The college uses plagiarism detection software for final submissions but does not provide students access to verify their own work before submission.,ACADEMIC,MEDIUM,false,false,false
700,Curriculum review not including students,The curriculum review committee meeting conducted last month did not include any student representatives. Changes to the curriculum directly affecting students were made without input.,ACADEMIC,HIGH,false,false,false
701,Hostel curfew violated by warden's relatives,The hostel warden allows his own family members and friends to stay overnight in the hostel without registration while enforcing strict rules on students.,HOSTEL,HIGH,false,false,true
702,Hostel room not cleaned before new occupant,The hostel room assigned to me was not cleaned or inspected before my arrival. The previous occupant had left belongings behind and the room was unhygienic.,HOSTEL,MEDIUM,false,false,false
703,Warden using hostel resources personally,The warden is observed using hostel cleaning staff and supplies for personal quarters located adjacent to the hostel premises.,HOSTEL,HIGH,false,false,true
704,No emergency contact list in hostel,There is no list of emergency contacts posted in the hostel premises. In case of a fire medical emergency or security incident students do not know who to contact.,HOSTEL,HIGH,false,false,false
705,Students sharing single room with strangers,Students admitted to the hostel late in the semester are being placed in single-occupancy rooms already occupied by another student without consent from either party.,HOSTEL,MEDIUM,false,false,false
706,Hostel internet used for surveillance,There are reports that student internet usage within the hostel is being monitored and that browsing history is being reviewed by hostel staff for disciplinary purposes.,HOSTEL,HIGH,false,false,true
707,No waste segregation in hostel,The hostel has no waste segregation system. Wet and dry waste are mixed together making it impossible to recycle and creating persistent pest problems.,HOSTEL,LOW,false,false,false
708,Noise at night from hostel management gatherings,College management and trust members regularly hold late-night gatherings in the hostel garden area creating noise that disrupts sleeping students.,HOSTEL,MEDIUM,false,false,false
709,Hostel sick room not stocked,The hostel has a designated sick room but it is not stocked with any medicine first aid supplies or basic equipment. Students who fall ill have no immediate care available.,HOSTEL,HIGH,false,false,false
710,Warden entering female hostel rooms without permission,Male maintenance staff and the warden enter female hostel rooms without advance notice or female staff presence. This is a serious violation of privacy and safety.,HOSTEL,CRITICAL,false,false,true
711,No bus for sports team matches,The college sports team travels to inter-college matches without any college-provided transport. Players must arrange their own travel at personal expense.,TRANSPORTATION,MEDIUM,false,false,false
712,Bus driver discriminating against certain students,Students from a particular community feel the bus driver is rude and dismissive specifically toward them while being polite to others.,TRANSPORTATION,HIGH,false,false,false
713,Bus schedule not accounting for traffic,The bus schedule was created without accounting for peak traffic hours. Buses that are scheduled to arrive on time consistently arrive 30 to 40 minutes late during peak hours.,TRANSPORTATION,MEDIUM,false,false,false
714,Bus inspector harassing students,The bus inspector performing regular checks is making unreasonable demands from students and has been reported to confiscate valid passes and demand re-issuance fees.,TRANSPORTATION,HIGH,false,false,true
715,No accessible transport for disabled students,There are no low-floor buses or accessible vehicles for students with mobility impairments. The college has never addressed this despite having enrolled students who use wheelchairs.,TRANSPORTATION,CRITICAL,false,false,false
716,Route 8 bus carrying contraband,Students on Route 8 observed the bus driver allowing cartons of unidentified goods to be loaded and transported on the bus. This is an unauthorised use of college transport.,TRANSPORTATION,HIGH,false,false,true
717,Bus schedule released after semester start,The bus schedule for the current semester was released five days after classes began. Students had no way to plan their commute for the first week.,TRANSPORTATION,MEDIUM,false,false,false
718,Students dropped at wrong location,The bus driver dropped students at the wrong location during an off-campus event. Students had to navigate an unfamiliar area without college staff assistance.,TRANSPORTATION,HIGH,false,false,false
719,Driver sleeping during rest stop,During an outstation trip the bus driver fell asleep during a rest stop and students could not continue their journey for two hours with no staff member able to drive.,TRANSPORTATION,CRITICAL,false,false,true
720,No student transport for research field work,Students conducting mandatory field research as part of their dissertation receive no transport support despite the fieldwork being a degree requirement.,TRANSPORTATION,MEDIUM,false,false,false
721,E-resources portal expired without renewal,The institutional subscription to the EBSCO and JSTOR databases expired and was not renewed at the start of the academic year. Students have been unable to access these resources for months.,LIBRARY,HIGH,false,false,false
722,Library staff distributing wrong books,Due to a cataloguing error books are being placed on wrong shelves and library staff continue to issue wrong books to students. Several students have only discovered the error at home.,LIBRARY,MEDIUM,false,false,false
723,Book reservation cancelled without notice,My reservation for an important textbook was cancelled without any notification. When I arrived to collect the book the librarian said it had been issued to someone else.,LIBRARY,MEDIUM,false,false,false
724,No procedure for reporting damaged books,When I received a book in damaged condition I asked for a procedure to report it at the time of borrowing. No such procedure exists and I was told to simply return it later.,LIBRARY,LOW,false,false,false
725,Library restricting access near exam time,Library access is being restricted to final-year students only during examination preparation weeks. Lower year students with equally urgent research needs are being denied entry.,LIBRARY,HIGH,false,false,false
726,Project reports stolen from library archive,Final-year project reports submitted to the library archive are being accessed and copied by students from other batches without authorisation.,LIBRARY,HIGH,false,false,true
727,Research paper submission guideline changed,The guideline for thesis format and reference style was changed one month before submission deadline. Students who had been working to the previous format must now redo their formatting.,LIBRARY,HIGH,false,false,false
728,Library scanner not functional,The only document scanner in the library has been out of service for three weeks. Students who need to scan pages from reference books for remote research cannot do so.,LIBRARY,LOW,false,false,false
729,No study pods for solo learners,The library has only group tables with no individual study pods or partitioned areas for students who need isolation from group noise to concentrate.,LIBRARY,LOW,false,false,false
730,Newspaper archive access restricted,The newspaper archive containing editions from the past decade has been locked and access requires special permission that takes weeks to obtain. This is hindering current affairs research.,LIBRARY,MEDIUM,false,false,false
731,Hazardous vapours from renovation in lab block,The laboratory block is being renovated using solvents that produce strong vapours. Students in adjacent labs are being exposed to these chemicals during active practical sessions.,LABORATORY,CRITICAL,false,false,true
732,Student injured due to broken lab stool,A student was injured when a broken laboratory stool gave way during a session. The stool had a visible crack that had been reported two weeks earlier.,LABORATORY,HIGH,false,false,false
733,Insufficient sockets in computer lab,The computer lab has fewer power sockets than workstations. Students using personal laptops must share extension cords creating a tangled hazard on the floor.,LABORATORY,MEDIUM,false,false,false
734,Biology lab specimens not labelled,Preserved specimens in the biology laboratory are not labelled. Students preparing for the practical examination cannot identify which specimen corresponds to which organism.,LABORATORY,HIGH,false,false,false
735,Cold storage in chemistry lab not working,The cold storage unit in the chemistry laboratory where temperature-sensitive reagents should be stored is not functioning. Reagents may have degraded affecting experimental outcomes.,LABORATORY,HIGH,false,false,false
736,Lab ventilation fans not working,The ventilation fans in the electronics laboratory have not been functional for over a month. The room temperature becomes uncomfortable for students during three-hour sessions.,LABORATORY,MEDIUM,false,false,false
737,No inventory system in lab,There is no formal inventory system for laboratory consumables. This results in shortages during practical sessions when materials run out mid-experiment without warning.,LABORATORY,MEDIUM,false,false,false
738,Practical exam conducted in broken lab,The practical examination was conducted in a laboratory where three out of eight workstations were not functioning. Students assigned to broken stations were at a severe disadvantage.,LABORATORY,CRITICAL,false,false,true
739,Lab safety poster outdated,The laboratory safety posters on display are from ten years ago and reference chemicals and procedures that are no longer used. Current students are following outdated safety guidance.,LABORATORY,MEDIUM,false,false,false
740,Network lab switches not configured,The switches in the networking laboratory are factory-default and have not been configured for the experiments in the curriculum. Students cannot conduct meaningful practical exercises.,LABORATORY,HIGH,false,false,false
741,Examination seating plan not disclosed,The examination seating plan is not disclosed to students in advance. Students arrive at the examination hall and must locate their seat number from a posted list under time pressure.,OTHER,LOW,false,false,false
742,No student lounge near examination centre,There is no student lounge or waiting area near the examination centre. Students who arrive early must wait outside in the sun or find seating elsewhere.,OTHER,LOW,false,false,false
743,Mobile signal jammer affecting emergency calls,The mobile signal jammer installed in the examination centre is affecting phone signal in adjacent areas including the medical room. Students in emergencies cannot call for help.,OTHER,CRITICAL,false,false,true
744,No formal recognition for volunteer work,Students who dedicate significant time to approved volunteer and community service activities receive no academic credit recognition or formal acknowledgment from the institution.,OTHER,LOW,false,false,false
745,No peer mentoring programme for new students,The college has no peer mentoring programme. First-year students have no seniors assigned to guide them through academic and administrative processes.,OTHER,MEDIUM,false,false,false
746,College letterhead being misused,Unofficial documents using the college letterhead and seal are being circulated. This has led to confusion among employers and other institutions receiving fraudulent documents.,OTHER,CRITICAL,false,false,true
747,No diversity cell in college,There is no diversity equity and inclusion cell in the college. Issues of discrimination faced by students from minority backgrounds have no institutional mechanism to be addressed.,OTHER,HIGH,false,false,false
748,College band forced to perform for free,The college music band members are regularly required to perform at management events without compensation or time off from academic commitments.,OTHER,LOW,false,false,false
749,Student internship listings on portal are fake,Several internship listings posted on the college placement portal contain inaccurate company names locations and compensation details. Students have applied and been misled.,OTHER,HIGH,false,false,true
750,Teaching quality not evaluated regularly,The college does not conduct regular evaluations of teaching quality. Poor teaching continues without any accountability mechanism and student feedback is never acted upon.,OTHER,HIGH,false,false,false
751,Professor absent for 60% of semester,The professor assigned to teach Machine Learning has been present for fewer than 40% of the scheduled classes. The subject is critically important for placements.,ACADEMIC,CRITICAL,false,false,false
752,Marks changed without student knowledge,A student discovered that their internal assessment marks were changed in the university portal between two viewing sessions without any official communication.,ACADEMIC,CRITICAL,false,false,true
753,Dissertation supervisor ignoring student,My dissertation supervisor has not responded to a single email or meeting request in eight weeks. I am four weeks from submission and have no guidance.,ACADEMIC,CRITICAL,false,false,false
754,Assignment submitted but not recorded,I submitted my term assignment before the deadline. The portal shows no submission and the professor says there is no record. The submission confirmation email I received is being disputed.,ACADEMIC,HIGH,false,false,false
755,Academic probation notice without prior warning,I received an academic probation notice without any prior counselling or warning. The policy requires two prior warnings before probation can be imposed.,ACADEMIC,HIGH,false,false,false
756,Online class recordings deleted,Online lecture recordings from the first half of the semester were deleted from the portal without any backup or notice. Students preparing for exams have lost access to these resources.,ACADEMIC,HIGH,false,false,false
757,Exam result decimal error,My examination score was reported as 49.4 percent which rounds to 50 and should qualify as a pass. The system is treating it as a fail without applying standard rounding.,ACADEMIC,HIGH,false,false,false
758,Faculty not following UGC guidelines,The faculty workload and teaching schedule does not follow the UGC prescribed guidelines. Several faculty are teaching significantly beyond their mandated hours which affects teaching quality.,ACADEMIC,MEDIUM,false,false,false
759,Syllabus gap not addressed,A significant gap was identified in the syllabus coverage before the examination. Despite student representation no additional sessions were arranged and the gap was confirmed in the paper.,ACADEMIC,HIGH,false,false,false
760,Invigilator using phone during exam,The invigilator during the end-semester examination was using a mobile phone throughout the session. This sets a poor example and may have compromised examination integrity.,ACADEMIC,MEDIUM,false,false,false
761,Electrical shock risk from lab equipment,One of the power amplifiers in the electronics lab is giving mild electric shocks when touched. Two students have reported this and the equipment continues to be used.,INFRASTRUCTURE,CRITICAL,false,false,true
762,Classroom temperature unbearable in summer,The classrooms face direct afternoon sun with no blinds or curtains. In summer months the temperature inside reaches 40 degrees Celsius during afternoon sessions.,INFRASTRUCTURE,HIGH,false,false,false
763,Pipes burst causing flooding,A water pipe burst in the corridor adjacent to the server room. Water entered the server room briefly before staff intervened. IT infrastructure may have been affected.,INFRASTRUCTURE,CRITICAL,false,false,true
764,Poor acoustic design in lecture hall,The lecture hall has terrible acoustics. Faculty at the front cannot be heard clearly at the back even with microphones. This has been an ongoing issue since the hall was constructed.,INFRASTRUCTURE,HIGH,false,false,false
765,No natural light in basement classrooms,The basement classrooms used for tutorial sessions have no natural light and rely entirely on fluorescent lighting. Students spending extended periods in these rooms report eye strain.,INFRASTRUCTURE,MEDIUM,false,false,false
766,External gate left open at night,The external campus gate is routinely left open at night after the security guard leaves their post. This is a security vulnerability that has been reported multiple times.,INFRASTRUCTURE,HIGH,false,false,false
767,Electrical overloading in hostel corridors,Students in the hostel are using multiple high-wattage appliances on extension cords. The corridor electrical wiring is overloaded and the risk of a fire is significant.,INFRASTRUCTURE,CRITICAL,false,false,true
768,Smoking near oxygen storage area,Smoking has been observed near the medical store which stocks oxygen cylinders. This combination creates an extremely serious fire and explosion risk.,INFRASTRUCTURE,CRITICAL,false,false,true
769,Classroom seats not enough for all students,The registered strength for the class is 90 but the classroom capacity is 60. Thirty students sit on window sills floor or stand for every lecture.,INFRASTRUCTURE,HIGH,false,false,false
770,Animal entering building through broken grill,A stray dog has entered the college building through a broken window grill on three occasions causing disruption to classes and raising hygiene concerns.,INFRASTRUCTURE,MEDIUM,false,false,false
771,Student blackmailed using private information,A student is being blackmailed by a senior who claims to have personal information obtained from the student's college profile without authorisation.,HARASSMENT,CRITICAL,false,false,true
772,Faculty making religious comments,A professor regularly makes uninvited comments on the religious practices and choices of a student in the class making the student feel singled out and unwelcome.,HARASSMENT,HIGH,false,false,false
773,Student body shaming by peers,A student is being subjected to body shaming comments and jokes by classmates in both person and online. The behaviour has become systematic and the target is showing signs of distress.,HARASSMENT,HIGH,false,false,false
774,Professor rejecting legitimate medical documentation,A professor is refusing to accept a medical certificate from an authorised hospital as justification for examination absence citing personal doubts about its authenticity.,HARASSMENT,HIGH,false,false,false
775,Staff making personal comments on student clothing,Administrative and support staff have been making personal comments on how students dress in ways that are intrusive and not consistent with any published dress code policy.,HARASSMENT,MEDIUM,false,false,false
776,Grade changed after student filed harassment complaint,A student who filed a harassment complaint against a professor noticed that their course grade was retroactively changed to a lower value two weeks after the complaint was filed.,HARASSMENT,CRITICAL,false,false,true
777,Seniors preventing juniors from using gym equipment,Senior students have established an unwritten rule that juniors cannot use certain gym equipment. Juniors who attempt to do so are verbally intimidated.,HARASSMENT,MEDIUM,false,false,false
778,Professor discussing student health condition publicly,A professor mentioned a student's chronic health condition during a class discussion about absenteeism. The student had shared this information only in a confidential counselling session.,HARASSMENT,CRITICAL,false,false,false
779,False academic dishonesty charge,A student was charged with academic dishonesty for an assignment submission that was found similar to another student's. The student wrote original work and the similarity is coincidental.,HARASSMENT,HIGH,false,false,false
780,Peer group sharing student's personal diary,Personal entries written in a notebook left in the classroom were photographed by another student and shared in the class group. The victim is extremely distressed.,HARASSMENT,CRITICAL,false,false,false
781,Hostel canteen exploiting captive audience,The hostel canteen with no competition on campus is charging three times the market rate for essential food items. Students with no transport cannot access cheaper options.,HOSTEL,HIGH,false,false,false
782,Night warden missing from post,The night warden responsible for security between 11 PM and 6 AM is consistently absent from the duty station. Unknown individuals have been seen entering the hostel at these hours.,HOSTEL,CRITICAL,false,false,false
783,Hostel generator fuel stolen,Hostel residents noticed the generator ran out of fuel during a power cut. Investigation suggests the fuel was not refilled as scheduled and may have been misappropriated.,HOSTEL,HIGH,false,false,true
784,Hostel rules not applied equally to sports students,Students on the college sports team are allowed to return late bypass curfew and skip mess check-ins. The same rules are strictly enforced for non-sports students.,HOSTEL,MEDIUM,false,false,false
785,Hostel storage room accessible to all,The hostel storage room where confiscated items and student property are kept is not secured. Multiple students have reported items going missing from the storage.,HOSTEL,HIGH,false,false,false
786,Mess food inadequate for vegan students,There are no vegan meal options in the hostel mess. Students following a vegan diet for religious or health reasons have no viable food option within the campus.,HOSTEL,MEDIUM,false,false,false
787,Insect infestation in hostel room,My hostel room has a severe bed bug infestation. I reported this four weeks ago but no fumigation or room change has been arranged. My sleep is affected and I have skin reactions.,HOSTEL,HIGH,false,false,false
788,Hostel laundry facility limited to two hours,The hostel laundry facility is only available for two hours on Sunday. Given the number of residents this means most students never get access on a given week.,HOSTEL,LOW,false,false,false
789,Hostel residents denied emergency exit route information,Hostel residents were not informed of the emergency exit routes during induction. When a student asked the warden they were told to refer to a notice that was never posted.,HOSTEL,HIGH,false,false,false
790,Students not allowed personal visitors in hostel,The hostel does not allow any personal visitors including parents to meet students within the hostel premises. Students must walk to the main gate for any meeting.,HOSTEL,MEDIUM,false,false,false
791,Bus permit not valid for new route,The college bus was rerouted to a new road that is not covered under the existing vehicle permit. The bus may be operating illegally on this section of the route.,TRANSPORTATION,HIGH,false,false,true
792,No safety audit for college vehicles,No safety or fitness audit has been conducted for any of the college bus fleet this academic year. Several buses have visible mechanical wear and maintenance issues.,TRANSPORTATION,HIGH,false,false,false
793,Bus conductor collecting unauthorised fees,The bus conductor has been collecting an informal monthly charge from students claiming it is for additional services. No official communication supports this collection.,TRANSPORTATION,HIGH,false,false,true
794,Student fell due to sudden braking,A student fell and was injured when the bus driver braked suddenly at high speed without warning. No incident report was filed and the injured student received no assistance.,TRANSPORTATION,CRITICAL,false,false,false
795,Bus not covered by valid insurance,A student observed that the insurance document displayed on the college bus has expired. This means students travelling are not covered in case of an accident.,TRANSPORTATION,CRITICAL,false,false,true
796,Unverified driver operating college bus,The college bus on Route 9 is being driven by a person who is not the registered driver. Students do not recognise the driver and the transport office cannot confirm their identity.,TRANSPORTATION,CRITICAL,false,false,true
797,Bus used for private hire on weekdays,The college bus assigned to Route 5 has been absent from its route on multiple mornings. Students later saw it being used for a private school pickup service.,TRANSPORTATION,HIGH,false,false,true
798,No bus for special needs student,A student with a mobility impairment who requires front-seat accessible transport is not accommodated by any of the current buses.,TRANSPORTATION,HIGH,false,false,false
799,Late bus causing examination absence,A student arrived late for an examination because the college bus was delayed by 50 minutes. The student was denied entry and recorded as absent for the paper.,TRANSPORTATION,CRITICAL,false,false,false
800,Bus route app showing wrong location,The college mobile app showing real-time bus location is consistently showing the wrong bus position. Students plan their commute around this data and are missing the bus as a result.,TRANSPORTATION,MEDIUM,false,false,false
801,Library fine system not transparent,The library fine calculation is not documented. Students receive unexpected fine amounts with no breakdown of how the amount was calculated.,LIBRARY,LOW,false,false,false
802,Thesis binding rejected twice,My thesis was rejected by the library for binding format twice despite following the guidelines I was given. The guidelines themselves appear to be inconsistent.,LIBRARY,MEDIUM,false,false,false
803,Library catalogue search not working,The online library catalogue search function has not been working for two weeks. Students cannot search for book availability and must manually check each shelf.,LIBRARY,MEDIUM,false,false,false
804,Faculty booking reading room for class,Faculty members are booking the library reading room for small group teaching sessions effectively displacing individual students who use it for studying.,LIBRARY,MEDIUM,false,false,false
805,No e-reader lending facility,The library has no e-reader or tablet lending facility. Students who need to access large volumes of digital content but lack devices have no institutional support.,LIBRARY,LOW,false,false,false
806,Library hours not accommodating prayer times,The library schedule does not accommodate daily prayer times. Students with religious observance requirements cannot use the library during certain periods without missing prayers.,LIBRARY,MEDIUM,false,false,false
807,Old password still required for e-resources,The login credentials for subscribed e-resources were not updated when the system was renewed. Students are locked out because they are using credentials that no longer work.,LIBRARY,MEDIUM,false,false,false
808,No mechanism to request new book purchases,There is no formal mechanism for students to request books to be purchased by the library. Student research needs are never fed into the acquisition process.,LIBRARY,LOW,false,false,false
809,Library not accepting books for donation,A batch of graduating students tried to donate their textbooks to the library before leaving. The library refused to accept them despite having no copies of those titles.,LIBRARY,LOW,false,false,false
810,Head librarian unresponsive to student requests,The head librarian has not responded to formal written requests from multiple students about access issues and policy clarifications for over six weeks.,LIBRARY,MEDIUM,false,false,false
811,Lab report not accepted due to font issue,A student's laboratory report was rejected because the font size did not exactly match an unwritten unofficial standard. No such format requirement exists in any published document.,LABORATORY,LOW,false,false,false
812,Lab computer virus affecting student work,A computer virus in the computer science lab has corrupted student project files saved on lab computers. The virus was known to IT staff but no action was taken for two weeks.,LABORATORY,HIGH,false,false,false
813,No lockable storage for personal items in lab,The laboratory has no secure storage for students to leave personal belongings while conducting experiments. Items left on tables have been misplaced or stolen.,LABORATORY,MEDIUM,false,false,false
814,Equipment malfunction mid-experiment not logged,When equipment malfunctioned during a practical session the instructor asked students to estimate values rather than repeat the experiment. The malfunction was not logged.,LABORATORY,HIGH,false,false,false
815,Students not informed about chemical allergies,Students were not asked about chemical allergies before being assigned to chemistry laboratory experiments. A student had a mild allergic reaction to a reagent used in an experiment.,LABORATORY,CRITICAL,false,false,false
816,Practical cancelled on exam day without notice,The practical examination for Physics was cancelled on the day it was scheduled with no explanation. Students who had prepared found out only upon arriving at the laboratory.,LABORATORY,HIGH,false,false,false
817,Lab internet blocked during research project,The internet connection in the research computing laboratory was blocked during a critical phase of student thesis work. IT helpdesk confirmed no maintenance was scheduled.,LABORATORY,HIGH,false,false,false
818,No protective screen for laser equipment,Students working with low-power laser equipment in the optics laboratory are not provided with protective eyewear. International safety standards require protection even for low-power lasers.,LABORATORY,CRITICAL,false,false,true
819,Sample contaminated in biology practical,A practical examination sample was contaminated in the biology laboratory. Students who unknowingly worked with the contaminated sample recorded incorrect results affecting their marks.,LABORATORY,HIGH,false,false,false
820,Lab supervisor absent for entire semester,The designated supervisor for the mechatronics laboratory has been absent for the entire semester with no replacement. Students have been conducting sessions entirely unsupervised.,LABORATORY,CRITICAL,false,false,false
821,Health centre only open during class hours,The campus health centre is only open during class hours on weekdays. Students who fall ill in the evening on weekends or during holidays have no on-campus medical support.,OTHER,HIGH,false,false,false
822,No provision for student governance feedback,The student governance body has no mechanism to formally submit feedback to the college administration. All feedback must be routed through individual faculty contacts.,OTHER,MEDIUM,false,false,false
823,NSS credits not recorded,I have completed the mandatory NSS hours for two academic years. The NSS coordinator has not updated the portal to reflect my service hours which are required for my degree.,OTHER,HIGH,false,false,false
824,Fire safety certificate expired,The fire safety certificate for the main academic block expired six months ago and has not been renewed. This is a regulatory non-compliance that affects the safety of all occupants.,OTHER,CRITICAL,false,false,true
825,Students fined for natural hair styles,Students with natural hair styles that do not comply with an informal dress code are being asked to modify their appearance. No formal policy supports this requirement.,OTHER,MEDIUM,false,false,false
826,Events scheduled during Eid and Diwali,Major examinations and mandatory college events have been scheduled on religious festivals celebrated by significant portions of the student body without accommodation.,OTHER,HIGH,false,false,false
827,Student achievements not mentioned in annual report,Student achievements including national-level awards research publications and sports achievements were not mentioned in the college annual report despite being officially submitted.,OTHER,LOW,false,false,false
828,No structured project exhibition,The college has no annual technical or research project exhibition. Students with impressive projects have no institutional platform to showcase their work.,OTHER,LOW,false,false,false
829,Campus safety escort service not available,A safety escort service for students returning to hostels at night was promised in the college safety policy but has never been made operational.,OTHER,HIGH,false,false,false
830,No transparency in examination result moderation,The examination result moderation process is completely opaque. Students do not know how moderation decisions are made or whether their papers were reviewed fairly.,OTHER,HIGH,false,false,false
831,Mid-semester marks not uploaded on portal,The mid-semester examination marks are not uploaded on the student portal after two months. Students cannot track their academic progress or plan effectively.,ACADEMIC,MEDIUM,false,false,false
832,Professor frequently late to class,The professor for the Thermodynamics course consistently arrives 15 to 20 minutes late to every lecture. Over the semester this has resulted in over 10 hours of lost teaching time.,ACADEMIC,MEDIUM,false,false,false
833,Dissertation word limit not communicated,The word limit for the dissertation was communicated verbally but not in writing. Different students were given different figures and the examination section is now imposing a strict cut-off.,ACADEMIC,HIGH,false,false,false
834,Workshop credits not counted for CGPA,The credits for the mandatory workshop completed last year have not been added to my CGPA calculation. This affects my scholarship eligibility and rank.,ACADEMIC,HIGH,false,false,false
835,Elective course withdrawn after student selection,The elective course I selected during registration was withdrawn from the offering two weeks into the semester. I was assigned a compulsory course I had not chosen without any prior discussion.,ACADEMIC,HIGH,false,false,false
836,Course content not explained in English,A core subject is being explained entirely in a regional language in one section. Students who do not speak the language cannot follow the lectures.,ACADEMIC,HIGH,false,false,false
837,Student failing due to unmarked submission,A student who submitted all required coursework is failing because the submissions were never marked and entered into the system. No grade exists for them for three assignments.,ACADEMIC,HIGH,false,false,false
838,Annual report grade higher than actual,The grade displayed in the college annual report for the student section is higher than the actual grade as maintained in the academic records office.,ACADEMIC,HIGH,false,false,true
839,Assessment format changed last minute,The format of the end-semester examination was changed from essay-based to objective-based two days before the examination. Students had prepared for a completely different format.,ACADEMIC,HIGH,false,false,false
840,Practical marks deducted for late submission,Practical records submitted one day late due to a medical emergency were given zero without considering the medical certificate provided.,ACADEMIC,HIGH,false,false,false
841,Air conditioning causing illness,The air conditioning units in classroom 201 are blowing air with a mouldy smell. Three students have developed allergic reactions. The units have not been serviced in over a year.,INFRASTRUCTURE,HIGH,false,false,false
842,Water fountain not cleaned,The drinking water fountain in the main corridor has visible green growth on the interior and has not been cleaned in months. Students are forced to drink potentially contaminated water.,INFRASTRUCTURE,CRITICAL,false,false,true
843,Building expansion blocking natural light,The new building constructed adjacent to the main academic block is blocking natural light from entering classrooms on the east side entirely. This was foreseeable and not mitigated.,INFRASTRUCTURE,MEDIUM,false,false,false
844,Lab building entrance obstructed,The main entrance to the laboratory building is regularly obstructed by parked vehicles belonging to administrative staff. Students and faculty with mobility issues cannot access it easily.,INFRASTRUCTURE,MEDIUM,false,false,false
845,Dusty study environment causing health issues,The classrooms in the old wing have not been properly dusted or cleaned in months. Students with respiratory conditions are having recurring health issues related to the dusty environment.,INFRASTRUCTURE,MEDIUM,false,false,false
846,No secure cycle parking,The college has no secure cycle parking area. Student bicycles are regularly stolen or vandalised from the open parking area. The college takes no responsibility.,INFRASTRUCTURE,MEDIUM,false,false,false
847,Electrical panel unlocked in student area,An electrical panel in the student common area corridor is unlocked and accessible to anyone. Students with no electrical knowledge could accidentally touch live components.,INFRASTRUCTURE,CRITICAL,false,false,true
848,Overhead tanks low making water quality poor,The overhead water tanks serving the academic block are too small and frequently run low. When tanks are low the water pressure drops and sediment from the tank bottom enters the supply.,INFRASTRUCTURE,HIGH,false,false,false
849,Pedestrian walkway flooded regularly,The main pedestrian walkway connecting hostels to the academic block floods every time it rains due to poor drainage. Students wade through water or take a long detour.,INFRASTRUCTURE,MEDIUM,false,false,false
850,College gate auto-lock malfunctioning,The automatic gate at the college entrance malfunctions frequently locking in the closed position and blocking entry and exit for up to 30 minutes.,INFRASTRUCTURE,MEDIUM,false,false,false
851,Professor using fake credentials,A professor teaching an advanced subject has credentials that students discovered are from an institution that does not offer the claimed degree programme.,ACADEMIC,CRITICAL,false,false,true
852,Systematic grade lowering before placement season,Every year just before the on-campus placement season several students' internal marks are lowered resulting in their CGPA falling below the shortlisting threshold.,ACADEMIC,CRITICAL,false,false,true
853,Entire class failed in one subject,All sixty students in one section failed a particular subject while pass rates in all other subjects and sections were normal. The question paper and marking have not been reviewed.,ACADEMIC,CRITICAL,false,false,true
854,Student union elections rigged,The recently held student union elections were allegedly rigged in favour of students connected to the management. Independent candidates were denied fair campaign opportunities.,OTHER,CRITICAL,false,false,true
855,College denying NAAC accreditation access,The college is preventing the NAAC peer team from meeting students directly during an accreditation visit. Student feedback is being filtered through administrative staff.,OTHER,CRITICAL,false,false,true
856,Examination results withheld for fee default,The examination results of over a hundred students have been withheld citing pending dues. Many students have already paid but the accounts system has not updated.,ADMINISTRATIVE,CRITICAL,false,false,true
857,Mass shortage declared without verification,Attendance shortage has been declared for an entire batch without individual verification. Over 30 students who attended all classes are included in the shortage list.,ACADEMIC,CRITICAL,false,false,true
858,Faculty threatening to fail entire class,A professor openly threatened to fail the entire class if anyone reported the incomplete syllabus to the department head. This is documented in screenshots.,ACADEMIC,CRITICAL,false,false,false
859,College misrepresenting approval status,The college is enrolling students in programmes that have not received regulatory approval. Students are at risk of receiving degrees that are not valid.,ADMINISTRATIVE,CRITICAL,false,false,true
860,Research lab data stolen,Data from the campus research laboratory including unpublished results was accessed and shared externally. Three students thesis work may have been compromised.,LABORATORY,CRITICAL,false,false,true
861,Anonymous test submission,This submission is intentionally blank to test the system.,OTHER,LOW,true,false,false
862,Duplicate of hostel food complaint,Hostel mess food is repeatedly of poor quality and students are getting sick. This is the same issue I reported last month.,HOSTEL,HIGH,false,true,false
863,Repeat bus complaint same issue,College bus route 4 still consistently late. Filed same complaint in week 2 and week 4. No action taken.,TRANSPORTATION,MEDIUM,false,true,false
864,Duplicate library fine issue,Still being charged incorrectly for the books I returned on time. Same as my complaint filed three weeks ago.,LIBRARY,MEDIUM,false,true,false
865,Same lab safety issue unresolved,No safety equipment in electronics lab. This is the same issue raised two months ago and still unresolved.,LABORATORY,HIGH,false,true,false
866,Nothing happened to my grievance,I filed a complaint about a harassing professor but nothing was done and the situation is now worse.,HARASSMENT,CRITICAL,false,true,false
867,Fee complaint duplicate,Still charged twice for examination fee. Original complaint from last semester.,FINANCIAL,HIGH,false,true,false
868,Admin still not issuing certificate,I filed a complaint two months ago about my degree certificate not being issued. Still not resolved.,ADMINISTRATIVE,HIGH,false,true,false
869,Same ragging issue continuing,The ragging by seniors I reported has not stopped. The anti-ragging committee did nothing and the behaviour continues.,HARASSMENT,CRITICAL,false,true,false
870,Infrastructure complaint repeat,The broken projector in room 204 which I reported six weeks ago has still not been repaired.,INFRASTRUCTURE,LOW,false,true,false
871,Short submission test,Issue.,OTHER,LOW,true,false,false
872,Spam complaint,Buy cheap medicines online call now.,OTHER,LOW,true,false,false
873,Random text complaint,asdfghjkl this is not a real complaint just testing.,OTHER,LOW,true,false,false
874,Gibberish submission,aaaaaaaaaaaaaaaa bbbbbbbbbb,OTHER,LOW,true,false,false
875,Empty complaint with only title,Professor was rude.,ACADEMIC,LOW,true,false,false
876,Highly exaggerated complaint,Every professor at this college is completely incompetent. Every course is taught wrong. Every facility is broken. The entire institution is fraudulent and should be shut down.,ACADEMIC,LOW,true,false,false
877,Vague untestable allegation,Someone is doing something bad to students somewhere in the college building but I cannot say who what or where.,OTHER,LOW,true,false,false
878,Complaint with external links,My complaint is documented here: http://externalsite.com/complaint please visit for details.,OTHER,LOW,true,false,false
879,Repetition of same word,Unfair unfair unfair unfair unfair unfair unfair everything is unfair.,ACADEMIC,LOW,true,false,false
880,Complaint in all capitals,THE PROFESSOR FAILED ME FOR NO REASON THE MARKS ARE WRONG GIVE ME MY MARKS BACK NOW.,ACADEMIC,LOW,true,false,false
881,Professor not returning calls,My project supervisor has not responded to three weeks of emails and calls. Final submission is approaching and I have no feedback on my work.,ACADEMIC,HIGH,false,false,false
882,Library access card lost by staff,My library access card was handed to staff for renewal. After three weeks it has not been returned and the staff deny having received it.,LIBRARY,MEDIUM,false,false,false
883,Exam scheduled on cultural festival,The end-semester examination is scheduled on the day of the regional cultural festival which is an official state holiday. Students from that region must skip religious observance.,ACADEMIC,HIGH,false,false,false
884,Timetable conflict for elective,My elective course timetable conflicts with a core course. When this was raised the administration said one course must be dropped but both are compulsory.,ACADEMIC,CRITICAL,false,false,true
885,Hostel furniture not pest resistant,The wooden hostel furniture is heavily infested with woodworm and termites. Several tables and chairs have collapsed and the college has not arranged replacements.,HOSTEL,MEDIUM,false,false,false
886,Wi-Fi password not shared with new students,New students joining midway through the semester were not given the campus Wi-Fi credentials. They have been paying for mobile data to attend online sessions for six weeks.,INFRASTRUCTURE,MEDIUM,false,false,false
887,Student falsely accused of assault,A student has been falsely accused of physically assaulting another student. The accusation is not supported by CCTV footage or witness statements that are available.,HARASSMENT,CRITICAL,false,false,false
888,No compensation for cancelled internship,The college placement cell cancelled a confirmed internship arrangement at the last minute. The student had declined other offers. No alternate placement or compensation was provided.,OTHER,HIGH,false,false,false
889,Examination paper ran out during exam,The printed examination papers ran out during a batch examination. The last fifteen students to receive papers were given photocopied versions that were illegible in places.,ACADEMIC,HIGH,false,false,false
890,Professor using student as teaching assistant without pay,A student is being asked to conduct tutorial sessions and grade assignments without being paid or officially appointed as a teaching assistant.,ACADEMIC,CRITICAL,false,false,true
891,Mess serving non-freshly cooked food,The hostel mess is serving food that was clearly cooked the previous day and reheated. Students have confirmed this by the texture and temperature of the food served.,HOSTEL,HIGH,false,false,false
892,Lab server down during project submission,The college lab server on which students are required to submit final project files was down on the last day of submission. No extension was granted.,LABORATORY,CRITICAL,false,false,true
893,Student excluded from team due to gender,A female student was excluded from a competitive technical team by peer group members who stated they did not want female team members for a male-dominated competition.,HARASSMENT,CRITICAL,false,false,false
894,Mess fees increasing every semester,The hostel mess fee has increased every semester without any explanation. Over four semesters the fee has nearly doubled with no corresponding improvement in quality.,HOSTEL,HIGH,false,false,false
895,Transport coordinator unreachable,The college transport coordinator has been unreachable by phone or email for three weeks. Students with urgent transport issues have no point of contact.,TRANSPORTATION,HIGH,false,false,false
896,Plumbing failure flooding laboratory,A plumbing failure flooded the ground floor of the science laboratory block during active hours. Equipment and student belongings were damaged.,INFRASTRUCTURE,CRITICAL,false,false,true
897,Lab hazard not cleaned after spill,A chemical spill in the biology laboratory was not cleaned properly. Students in the next session worked in a contaminated space.,LABORATORY,CRITICAL,false,false,true
898,Professor threatening student with expulsion,A professor told a student that they would ensure the student is expelled for asking a question about exam marks in front of the class.,HARASSMENT,CRITICAL,false,false,false
899,Graduation requirement unclear,Students in the final year are receiving conflicting information about the number of credits required for graduation. The published guideline contradicts what the examination section says.,ACADEMIC,HIGH,false,false,false
900,Security staff harassing student near gate,A security guard near the main gate has been making rude and intrusive comments to a student every time they enter or exit the campus.,HARASSMENT,HIGH,false,false,false
901,Practical batch not rotated fairly,The practical laboratory batches were formed based on alphabetical order and have never been rotated. Students with surnames at the end of the alphabet always get the last session with tired instructors.,LABORATORY,LOW,false,false,false
902,Sports certificate not signed,I won a district-level sports event and submitted the certificate for CGPA bonus marks. After four months the certificate has not been processed or returned.,ACADEMIC,MEDIUM,false,false,false
903,College ID card expiry not communicated,My college ID card expired without any notification. I was denied entry to the examination hall because the card was expired. No renewal reminder was sent.,ADMINISTRATIVE,HIGH,false,false,false
904,Two professors giving conflicting instructions,Two faculty members teaching the same course in different sections gave conflicting instructions about the format for the term project. Students followed one and were penalised.,ACADEMIC,HIGH,false,false,false
905,Printing quota not reset at start of semester,The printing quota from last semester was not reset at the start of the new semester. Students who exhausted their quota early last year have no prints available this semester.,INFRASTRUCTURE,LOW,false,false,false
906,Student council funds misappropriated,The student council collected event participation fees from all students. The event was cancelled and the funds were not refunded. The council treasurer is not responding to queries.,FINANCIAL,HIGH,false,false,true
907,No washroom near sports ground,There is no washroom facility near the sports ground. Students playing outdoor sports must walk to the main building which is five minutes away.,INFRASTRUCTURE,LOW,false,false,false
908,Faculty office hours not honoured,Professors publish office hours but are consistently not available during those times. Students who travel to the campus specifically for office hour meetings are regularly turned away.,ACADEMIC,MEDIUM,false,false,false
909,Cultural events not inclusive,Cultural events organised by the college celebrate only festivals from one region. Students from other states and communities feel their cultures are not represented or respected.,OTHER,MEDIUM,false,false,false
910,No space for project team collaboration,There is no dedicated space on campus for project teams to collaborate. Teams working on final year projects with hardware components have nowhere to set up and work together.,OTHER,MEDIUM,false,false,false
911,Hostel kitchen used by staff for personal cooking,The hostel kitchen is being used by staff members for personal meal preparation. This reduces access for students during permissible cooking hours and raises hygiene concerns.,HOSTEL,MEDIUM,false,false,false
912,Library fine charged to wrong student ID,The fine for a book I borrowed was charged to a different student's account due to a data entry error. That student is now facing access restrictions they did not cause.,LIBRARY,MEDIUM,false,false,true
913,Research lab always locked,The open research laboratory which should be accessible to all registered project students during college hours is consistently locked with no explanation or key access procedure.,LABORATORY,HIGH,false,false,false
914,Bus window broken creating safety risk,A window in Bus Route 3 is broken. During rain water enters through the gap and during summer the sharp edge is at arm height. Students have minor cuts. The issue has been reported.,TRANSPORTATION,HIGH,false,false,false
915,Library assistant sleeping during duty hours,Students in the library have observed the on-duty library assistant sleeping at the desk during operational hours. Students needing help receive none.,LIBRARY,LOW,false,false,false
916,Grievance to warden ignored for a month,A formal written grievance submitted to the hostel warden one month ago has received no response. The warden denies receiving it though two witnesses were present at submission.,HOSTEL,HIGH,false,false,false
917,Student union printing resources misused,The student union printing resources reserved for academic use are being regularly used by a small group for personal purposes leaving nothing for legitimate student needs.,OTHER,LOW,false,false,false
918,Female students asked to leave campus early,Female students are being informally asked to leave campus earlier than their male counterparts despite having the same timetable. No policy supports this different treatment.,HARASSMENT,HIGH,false,false,false
919,No action on POSH Act complaint,A student filed a formal complaint under the POSH Act eight weeks ago. No acknowledgment of receipt was provided and no inquiry committee has been constituted.,HARASSMENT,CRITICAL,false,false,false
920,Admin withholding result for political reasons,A student active in student rights advocacy has had their result withheld without any stated academic reason. Other students with identical records were not affected.,ADMINISTRATIVE,CRITICAL,false,false,true
921,Practical experiment unsafe without documentation,Students are conducting experiments with reactive metals in water without any documented safety protocol. The experiment has not been reviewed by a safety officer.,LABORATORY,CRITICAL,false,false,true
922,Semester break shortened without notice,The semester break was shortened by two weeks without any advance notice. Students who had made travel and personal plans could not return in time and were marked absent.,ACADEMIC,HIGH,false,false,false
923,Student asked to remove social media post,A student was called by the administration and asked to remove a social media post describing their experience on campus. The post did not contain any false information.,OTHER,CRITICAL,false,false,true
924,College blocking student email domain,Emails sent to the college from personal Gmail or Yahoo accounts are being automatically filtered and not delivered. Students with critical issues cannot communicate electronically.,ADMINISTRATIVE,HIGH,false,false,false
925,Lab practical cancelled on semester last day,The final practical session of the semester was cancelled on the same day without prior notice. Students who had scheduled their final experiment had to leave without completing it.,LABORATORY,HIGH,false,false,false
926,Hostel access card blocked without explanation,My hostel access card stopped working without any notification. I was locked out for an entire evening and had to sleep in the common room.,HOSTEL,HIGH,false,false,false
927,Faculty penalising students asking for notes,A professor is penalising students who ask for written notes by reducing their participation marks. The professor insists students only learn by listening in class.,ACADEMIC,HIGH,false,false,false
928,Water heater in hostel causing shocks,The water heater in the hostel bathroom gives electric shocks when touched. Three students reported this and it has been two weeks with no repair.,HOSTEL,CRITICAL,false,false,true
929,Bus passes issued without photo,Bus passes are being issued without student photographs. Any person could use the pass and access the college bus. This is a security and accountability concern.,TRANSPORTATION,MEDIUM,false,false,false
930,Library access blocked during internship,Students on campus-approved internships who need library access for their project work are unable to access the library because their status is listed as on-leave.,LIBRARY,MEDIUM,false,false,false
931,Canteen selling expired snacks,The college canteen was found selling packaged snacks with expired best-before dates. When students pointed this out the canteen staff removed them temporarily but restocked them the next day.,OTHER,HIGH,false,false,false
932,Lab instructor refusing to demonstrate,The laboratory instructor refuses to demonstrate experiments before asking students to perform them citing time constraints. Students perform critical experiments without first seeing them done.,LABORATORY,HIGH,false,false,false
933,Fee receipt destroyed by administration,The original fee receipt I submitted along with my scholarship application was not returned and the scholarship office claims the file was lost during a relocation.,FINANCIAL,HIGH,false,false,false
934,Campus night security non-existent,After 10 PM there is no security presence on the main campus. Incidents of theft vandalism and trespassing have increased as a result.,INFRASTRUCTURE,HIGH,false,false,false
935,Student research published without attribution,A research paper submitted by a student as part of course assessment was submitted to a journal by the professor under the professor's name without the student's knowledge.,HARASSMENT,CRITICAL,false,false,false
936,Duplicate lab submission rejected,I submitted my lab records twice after the first was lost. The second submission is being rejected as a re-submission beyond deadline even though the first was lost by the department.,LABORATORY,HIGH,false,false,false
937,Medical room inaccessible during exam,During the examination period the campus medical room was closed for renovation. Students who fell ill during exams had no access to on-campus medical care.,INFRASTRUCTURE,CRITICAL,false,false,false
938,Tutor absent during critical revision period,The assigned tutorial class tutor was absent for three weeks during the most critical examination revision period. No replacement was arranged.,ACADEMIC,HIGH,false,false,false
939,Hostel application status unknown for months,I applied for hostel accommodation three months ago. I have received no acknowledgment no status update and no decision. The hostel office is unable to locate my application.,HOSTEL,HIGH,false,false,false
940,Lab data backup lost,The backup of laboratory data from the semester was lost due to a storage failure. Students whose projects relied on this data have no way to recover their work.,LABORATORY,CRITICAL,false,false,true
941,Professor accepting late work for favourites,The professor does not accept late submissions as per policy. However certain students known personally to the professor are allowed to submit days late without penalty.,ACADEMIC,HIGH,false,false,false
942,Student welfare committee not active,The student welfare committee has not held a single meeting in two semesters. Issues reported through this channel simply accumulate with no discussion or resolution.,OTHER,HIGH,false,false,false
943,Certificate verification rejected due to admin error,An employer conducting background verification of my degree was told by the college verification team that my degree is not on record due to a data entry error.,ADMINISTRATIVE,CRITICAL,false,false,true
944,No protocol for student suicide prevention,A student attempted self-harm on campus and the staff had no protocol or training to respond. The incident was handled poorly and the student received no follow-up mental health support.,OTHER,CRITICAL,false,false,true
945,Exam absent but marked as present,A student who was genuinely absent for a legitimate reason was marked as present in an examination. This creates complications when the student applies for a supplementary exam.,ACADEMIC,HIGH,false,false,true
946,Lab chemicals disposed in general waste,Chemistry laboratory chemicals are being disposed of in the general campus waste. This poses environmental and health risks and violates chemical disposal regulations.,LABORATORY,CRITICAL,false,false,true
947,Course completion not reflected in records,I completed an additional certification course offered by the college. The completion is not reflected in my official academic records despite submitting the required documentation.,ACADEMIC,MEDIUM,false,false,false
948,Attendance register shown as blank for entire semester,My attendance register for one subject appears blank for the entire semester despite attending all classes. This could result in being barred from the examination.,ACADEMIC,CRITICAL,false,false,true
949,Professor's relative given project priority,Students noticed that a student who is the professor's relative consistently receives priority for project resources space and supervisor time over other students.,ACADEMIC,HIGH,false,false,true
950,Student not allowed to graduate due to fee error,A student was not allowed to participate in the graduation ceremony due to an outstanding dues notice. The student paid all fees and has receipts but the portal was not updated.,ADMINISTRATIVE,CRITICAL,false,false,true
951,Wi-Fi blocked during online examination,The campus Wi-Fi was completely non-functional during a scheduled online examination. No alternative was provided and the exam was not rescheduled.,ACADEMIC,CRITICAL,false,false,true
952,Faculty ignoring accessibility requirements,A student with a visual impairment requested large-print examination papers. The request was ignored and no accommodation was provided on the day of the exam.,ACADEMIC,CRITICAL,false,false,false
953,Thesis rejected without formal evaluation,A student's final year thesis was rejected without going through the formal evaluation process. No written reason was provided and no appeal mechanism was communicated.,ACADEMIC,CRITICAL,false,false,false
954,Emergency contact not updated in system,A student updated their emergency contact details but the system was not updated. During a medical emergency the college contacted a number that was no longer active.,ADMINISTRATIVE,CRITICAL,false,false,true
955,Lab practical based on theory not communicated,The lab practical examination tested theoretical knowledge rather than hands-on skills. No communication was given in advance about this change in examination format.,LABORATORY,HIGH,false,false,false
956,Professor sharing exam answers with preferred students,There is strong evidence that a professor shared answers to the practical examination with a small group of students before the examination was conducted.,ACADEMIC,CRITICAL,false,false,true
957,Scholarship selection rigged,The college-funded internal scholarship was awarded to students with lower academic scores who have personal connections with the selection committee members.,FINANCIAL,CRITICAL,false,false,true
958,Students exposed to asbestos,Renovation work on the old building disturbed ceiling tiles later identified as containing asbestos. Students nearby during the work were not warned or evacuated.,INFRASTRUCTURE,CRITICAL,false,false,true
959,Child labour used in college canteen,A child below the age of 14 was observed working in the college canteen. This is a violation of child labour laws that has been reported to the administration.,OTHER,CRITICAL,false,false,true
960,Exam form rejection with no appeal,My examination form was rejected citing an incomplete field. The rejection was communicated one day before the examination deadline leaving no time for correction or appeal.,ADMINISTRATIVE,CRITICAL,false,false,true
961,Exam result missing from university records,My end-semester examination result is missing from the university database. The college submitted results for all students but the university shows no record for my roll number.,ADMINISTRATIVE,CRITICAL,false,false,true
962,Laboratory equipment used for commercial purpose,College-owned laboratory equipment is being rented to external clients by a faculty member for commercial purposes. Students cannot access the equipment during these rentals.,LABORATORY,CRITICAL,false,false,true
963,Fake NOC given to regulatory body,The college has issued a fake No Objection Certificate to an external training institute representing approval that was never granted. Students enrolled in that institute are at risk.,ADMINISTRATIVE,CRITICAL,false,false,true
964,Student beaten by senior student on campus,A first-year student was physically assaulted by a senior student inside the campus. The incident was witnessed by security but no police report has been filed.,HARASSMENT,CRITICAL,false,false,false
965,Practical marks given before exam conducted,Laboratory practical marks for the semester were uploaded to the university portal before the practical examination had been conducted.,LABORATORY,CRITICAL,false,false,true
966,Faculty collecting fees for notes,A professor is collecting money from students in exchange for printed study notes claiming they are self-published but charging above cost to personal benefit.,FINANCIAL,CRITICAL,false,false,true
967,Anonymous threat of violence on campus,An anonymous note threatening violence against a group of students was found in the college notice board area. The note was photographed by students and reported to the warden.,HARASSMENT,CRITICAL,false,false,true
968,Scholarship amount not matching government schedule,The scholarship disbursed to eligible students is lower than the government-prescribed amount by 20 percent. The college accounts office is not able to explain the shortfall.,FINANCIAL,CRITICAL,false,false,true
969,College misrepresenting affiliation status,The college is claiming affiliation with a reputed university on its website and brochure. The stated affiliation was terminated two years ago and has not been renewed.,ADMINISTRATIVE,CRITICAL,false,false,true
970,Student data shared with foreign entity,Student academic and personal data appears to have been shared with a foreign entity as part of an unauthorised data sharing arrangement. Students were not informed or consented.,ADMINISTRATIVE,CRITICAL,false,false,true
971,Professor not available before exam,My professor is not available during office hours to clarify doubts before the final examination. I have been trying to reach them for a week with no response.,ACADEMIC,MEDIUM,false,false,false
972,Mess serving undercooked chicken,The hostel mess served visibly undercooked chicken. Multiple students raised the concern immediately. No corrective action was taken for that meal service.,HOSTEL,CRITICAL,false,false,false
973,Bus conductor drunk on duty,A student reported that the bus conductor on Route 2 appeared to be intoxicated while on duty. The incident was observed by multiple students during the morning journey.,TRANSPORTATION,CRITICAL,false,false,true
974,Lab practical schedule not matching timetable,The laboratory practical sessions are happening on different days than what is published in the official timetable. Students planning their week according to the published timetable miss sessions.,LABORATORY,HIGH,false,false,false
975,Campus map not updated after new construction,The campus map available at the entrance and on the website has not been updated to show new buildings and relocated facilities. Students and visitors are regularly getting lost.,INFRASTRUCTURE,LOW,false,false,false
976,Student threatened for competitive success,A student who topped the department examination received threatening messages from peers who accused the student of bribing the professor for marks.,HARASSMENT,HIGH,false,false,false
977,Library data entry error causing fine,Due to a data entry error my library record shows that I borrowed a book I never received. A fine is being charged for this non-borrowed book.,LIBRARY,MEDIUM,false,false,true
978,Lab experiments not completing in allocated time,The time allocated for each laboratory experiment is insufficient. Students regularly cannot complete experiments within the session and are not given extension time.,LABORATORY,MEDIUM,false,false,false
979,College app not working for fee payment,The college mobile app used for online fee payments has been crashing during transaction completion. Fees are being debited but not recorded and students are receiving error messages.,FINANCIAL,HIGH,false,false,false
980,New hostel block under construction during occupancy,Students are living in a hostel block adjacent to active construction. Dust noise and safety risks from the construction site are affecting daily life and study.,HOSTEL,HIGH,false,false,false
981,No protocol for hostel fire emergency,During a false fire alarm in the hostel students did not know what to do. The warden was absent and no one had information about the muster point or evacuation route.,HOSTEL,CRITICAL,false,false,true
982,Fraudulent student enrolled in exam,Evidence suggests a non-enrolled individual appeared in the semester examination using a student's identity. The invigilator did not verify IDs systematically.,ACADEMIC,CRITICAL,false,false,true
983,Principal promising but never delivering,The principal has made the same commitments about improving campus Wi-Fi library hours and health services for three consecutive years without any of these being fulfilled.,ADMINISTRATIVE,HIGH,false,false,false
984,Library printer used by staff for personal purposes,The library printer reserved for student use is being used by staff for official and personal printing leaving students with no printing resource.,LIBRARY,MEDIUM,false,false,false
985,Substitute teacher not teaching syllabus,The substitute faculty member covering for an absent professor is teaching entirely different content unrelated to the course syllabus.,ACADEMIC,HIGH,false,false,false
986,Complaint box never opened,The physical complaint box installed near the administrative office has never been opened or cleared as far as any student can observe. Its existence appears to be performative.,ADMINISTRATIVE,HIGH,false,false,false
987,Students discouraged from filing grievances,The class coordinator actively discourages students from filing formal grievances saying it will hurt their academic standing and create problems during placement season.,OTHER,CRITICAL,false,false,true
988,Canteen hygiene inspection not conducted,The canteen has not undergone any hygiene or food safety inspection this academic year despite this being a regulatory requirement for campus food services.,OTHER,HIGH,false,false,false
989,Lab equipment allocated before student access,Laboratory equipment needed for projects is being allocated to research scholars before undergraduate students even when the projects are of equal academic priority.,LABORATORY,MEDIUM,false,false,false
990,Student barred from examination without formal notice,A student was prevented from entering the examination hall by the invigilator citing an alleged documentation issue. No formal barring notice had been issued previously.,ACADEMIC,CRITICAL,false,false,false
991,HOD approving requests selectively,The Head of Department approves requests for leave additional resources and recommendations for students they know personally while declining the same requests from others.,ACADEMIC,HIGH,false,false,false
992,College delaying response to legal notice,The college received a legal notice from a student's guardian regarding academic rights violations. The institution has not responded within the prescribed period.,ADMINISTRATIVE,CRITICAL,false,false,true
993,Student result held as institutional leverage,A graduating student's result is being unofficially withheld by the administration as leverage to prevent the student from reporting an institutional violation to the regulator.,ADMINISTRATIVE,CRITICAL,false,false,true
994,Lab chemical misidentified causing wrong experiment,A chemical in the laboratory was stored in the wrong container with an incorrect label. Students conducted an entire experiment using the wrong reagent and the results were submitted.,LABORATORY,CRITICAL,false,false,true
995,Bus driver threatening students,The driver of Bus Route 1 made verbal threats to two students who complained about his driving behaviour. The students are afraid to board the bus but need transport to college.,TRANSPORTATION,CRITICAL,false,false,false
996,Hostel staff photographing students without consent,Hostel staff have been observed photographing female students in the common area on personal mobile phones. No consent was sought and the purpose is unknown.,HOSTEL,CRITICAL,false,false,true
997,College withholding transcripts for fee dispute,Transcripts required for higher education applications are being withheld by the college citing a fee dispute that the student has already resolved with documented proof.,ADMINISTRATIVE,CRITICAL,false,false,false
998,Student internship blocked by college,The college administration is blocking a student from joining a confirmed internship at a top company citing a rule that internships must be sourced through the placement cell only.,ADMINISTRATIVE,CRITICAL,false,false,false
999,Mental health crisis not handled properly,A student experiencing a mental health crisis on campus was not given appropriate support. Staff called the student's parents without the student's consent and did not arrange professional help.,OTHER,CRITICAL,false,false,false
1000,Complete institutional failure in grievance resolution,A student who filed twelve formal grievances over two semesters through every available channel received no resolution on any issue. The student is now preparing a legal complaint.,OTHER,CRITICAL,false,false,true
